week_t-7,is_weekend_t-7,is_holiday_t-7,season_t-7,unlock_duration_hr_4_t-7,unlock_num_hr_4_t-7,week_t-6,is_weekend_t-6,is_holiday_t-6,season_t-6,unlock_duration_hr_4_t-6,unlock_num_hr_4_t-6,week_t-5,is_weekend_t-5,is_holiday_t-5,season_t-5,unlock_duration_hr_4_t-5,unlock_num_hr_4_t-5,week_t-4,is_weekend_t-4,is_holiday_t-4,season_t-4,unlock_duration_hr_4_t-4,unlock_num_hr_4_t-4,week_t-3,is_weekend_t-3,is_holiday_t-3,season_t-3,unlock_duration_hr_4_t-3,unlock_num_hr_4_t-3,week_t-2,is_weekend_t-2,is_holiday_t-2,season_t-2,unlock_duration_hr_4_t-2,unlock_num_hr_4_t-2,week_t-1,is_weekend_t-1,is_holiday_t-1,season_t-1,unlock_duration_hr_4_t-1,unlock_num_hr_4_t-1,week_t-0,is_weekend_t-0,is_holiday_t-0,season_t-0,unlock_duration_hr_4_t-0,unlock_num_hr_4_t-0,week_mean,is_weekend_mean,is_holiday_mean,season_mean,unlock_duration_hr_4_mean,unlock_num_hr_4_mean,week_std,is_weekend_std,is_holiday_std,season_std,unlock_duration_hr_4_std,unlock_num_hr_4_std,week_skew,is_weekend_skew,is_holiday_skew,season_skew,unlock_duration_hr_4_skew,unlock_num_hr_4_skew,target,anomaly,week_t-7_encoded,is_weekend_t-7_encoded,is_holiday_t-7_encoded,season_t-7_encoded,unlock_duration_hr_4_t-7_encoded,unlock_num_hr_4_t-7_encoded,week_t-6_encoded,is_weekend_t-6_encoded,is_holiday_t-6_encoded,season_t-6_encoded,unlock_duration_hr_4_t-6_encoded,unlock_num_hr_4_t-6_encoded,week_t-5_encoded,is_weekend_t-5_encoded,is_holiday_t-5_encoded,season_t-5_encoded,unlock_duration_hr_4_t-5_encoded,unlock_num_hr_4_t-5_encoded,week_t-4_encoded,is_weekend_t-4_encoded,is_holiday_t-4_encoded,season_t-4_encoded,unlock_duration_hr_4_t-4_encoded,unlock_num_hr_4_t-4_encoded,week_t-3_encoded,is_weekend_t-3_encoded,is_holiday_t-3_encoded,season_t-3_encoded,unlock_duration_hr_4_t-3_encoded,unlock_num_hr_4_t-3_encoded,week_t-2_encoded,is_weekend_t-2_encoded,is_holiday_t-2_encoded,season_t-2_encoded,unlock_duration_hr_4_t-2_encoded,unlock_num_hr_4_t-2_encoded,week_t-1_encoded,is_weekend_t-1_encoded,is_holiday_t-1_encoded,season_t-1_encoded,unlock_duration_hr_4_t-1_encoded,unlock_num_hr_4_t-1_encoded,week_t-0_encoded,is_weekend_t-0_encoded,is_holiday_t-0_encoded,season_t-0_encoded,unlock_duration_hr_4_t-0_encoded,unlock_num_hr_4_t-0_encoded,week_mean_encoded,is_weekend_mean_encoded,is_holiday_mean_encoded,season_mean_encoded,unlock_duration_hr_4_mean_encoded,unlock_num_hr_4_mean_encoded,week_std_encoded,is_weekend_std_encoded,is_holiday_std_encoded,season_std_encoded,unlock_duration_hr_4_std_encoded,unlock_num_hr_4_std_encoded,week_skew_encoded,is_weekend_skew_encoded,is_holiday_skew_encoded,season_skew_encoded,unlock_duration_hr_4_skew_encoded,unlock_num_hr_4_skew_encoded,anomaly_encoded
7.0,1.0,0.0,3.0,0.0,0.0,1.0,0.0,0.0,3.0,20.341,1.0,2.0,0.0,0.0,3.0,0.0,0.0,3.0,0.0,0.0,3.0,0.0,0.0,4.0,0.0,0.0,3.0,13.709,2.0,5.0,0.0,0.0,3.0,3529.761,2.0,6.0,1.0,0.0,3.0,0.0,0.0,7.0,1.0,0.0,3.0,0.0,0.0,4.375,0.375,0.0,3.0,445.476375,0.625,2.2638462845343543,0.5175491695067657,0.0,0.0,1246.2641777166257,0.9161253813129044,-0.2262499558606612,0.6440611887195306,0.0,0.0,2.8282006182096047,0.9986554631966832,12.0,1,1,2,1,1,1,1,1,1,1,1,1,1,1,1,1,1,1,1,1,1,1,1,1,1,1,1,1,1,1,1,1,1,1,1,2,1,1,1,1,1,1,1,1,2,1,1,1,1,1,2,1,1,1,1,1,2,1,1,1,1,1,0,1,1,1,1,1
4.0,0.0,0.0,3.0,13.709,2.0,5.0,0.0,0.0,3.0,3529.761,2.0,6.0,1.0,0.0,3.0,0.0,0.0,7.0,1.0,0.0,3.0,0.0,0.0,1.0,0.0,0.0,3.0,0.0,0.0,2.0,0.0,0.0,3.0,0.0,0.0,3.0,0.0,0.0,3.0,0.0,0.0,4.0,0.0,0.0,3.0,0.0,0.0,4.0,0.25,0.0,3.0,442.93375,0.5,2.0,0.4629100498862757,0.0,0.0,1247.2757856733494,0.9258200997725514,0.0,1.4401645996461911,0.0,0.0,2.828343600929599,1.4401645996461911,-13.0,1,1,1,1,1,1,1,1,1,1,1,2,1,1,1,1,1,1,1,1,1,1,1,1,1,1,1,1,1,1,1,1,1,1,1,1,1,1,1,1,1,1,1,1,1,1,1,1,1,1,1,1,1,1,1,1,1,1,1,1,1,1,1,1,1,1,1,1
4.0,0.0,0.0,3.0,0.0,0.0,5.0,0.0,0.0,3.0,0.0,0.0,6.0,1.0,0.0,3.0,0.0,0.0,7.0,1.0,0.0,3.0,20.264,1.0,1.0,0.0,0.0,3.0,0.0,0.0,2.0,0.0,0.0,3.0,0.0,0.0,3.0,0.0,0.0,3.0,10.739,2.0,4.0,0.0,0.0,3.0,0.0,0.0,4.0,0.25,0.0,3.0,3.875375,0.375,2.0,0.4629100498862757,0.0,0.0,7.61396804634182,0.7440238091428449,0.0,1.4401645996461911,0.0,0.0,1.888316433634159,1.9510301759000723,-1.0,1,1,1,1,1,1,1,1,1,1,1,1,1,1,1,1,1,1,1,1,1,1,1,1,1,1,1,1,1,1,1,1,1,1,1,1,1,1,1,1,1,1,1,1,1,1,1,1,1,1,1,1,1,1,1,1,1,1,1,1,1,1,1,1,1,1,1,1
7.0,1.0,0.0,3.0,20.264,1.0,1.0,0.0,0.0,3.0,0.0,0.0,2.0,0.0,0.0,3.0,0.0,0.0,3.0,0.0,0.0,3.0,10.739,2.0,4.0,0.0,0.0,3.0,0.0,0.0,5.0,0.0,0.0,3.0,20.401,1.0,6.0,1.0,0.0,3.0,0.0,0.0,7.0,1.0,0.0,3.0,0.0,0.0,4.375,0.375,0.0,3.0,6.4255,0.5,2.2638462845343543,0.5175491695067657,0.0,0.0,9.349256777183644,0.7559289460184544,-0.2262499558606612,0.6440611887195306,0.0,0.0,0.9634592627753564,1.3228756555322954,-5.0,1,1,2,1,1,1,1,1,1,1,1,1,1,1,1,1,1,1,1,1,1,1,1,1,1,1,1,1,1,1,1,1,1,1,1,1,1,1,1,1,1,1,1,1,2,1,1,1,1,1,2,1,1,1,1,1,2,1,1,1,1,1,0,1,1,1,1,1
3.0,0.0,0.0,3.0,10.739,2.0,4.0,0.0,0.0,3.0,0.0,0.0,5.0,0.0,0.0,3.0,20.401,1.0,6.0,1.0,0.0,3.0,0.0,0.0,7.0,1.0,0.0,3.0,0.0,0.0,1.0,0.0,0.0,3.0,4.516,1.0,2.0,0.0,0.0,3.0,0.0,0.0,3.0,0.0,0.0,3.0,68.09,3.0,3.875,0.25,0.0,3.0,12.96825,0.875,2.03100960115899,0.4629100498862757,0.0,0.0,23.430033270813524,1.1259916264596033,0.2238027108715141,1.4401645996461911,0.0,0.0,2.3480100026837376,1.1132597235220516,7.0,1,1,1,1,1,1,1,1,1,1,1,1,1,1,1,1,1,1,1,1,1,1,1,1,1,1,2,1,1,1,1,1,1,1,1,1,1,1,1,1,1,1,1,1,1,1,1,1,2,1,1,1,1,1,1,1,1,1,1,1,1,1,1,1,1,1,1,1
5.0,0.0,1.0,4.0,0.0,0.0,6.0,1.0,1.0,4.0,0.0,0.0,7.0,1.0,1.0,4.0,0.0,0.0,1.0,0.0,1.0,4.0,1761.079,1.0,2.0,0.0,1.0,4.0,0.0,0.0,3.0,0.0,1.0,4.0,0.0,0.0,4.0,0.0,1.0,4.0,893.297,2.0,5.0,0.0,1.0,4.0,0.0,0.0,4.125,0.25,1.0,4.0,331.797,0.375,2.03100960115899,0.4629100498862757,0.0,0.0,656.6870075046625,0.7440238091428449,-0.2238027108715141,1.4401645996461911,0.0,0.0,1.935560200489764,1.9510301759000723,-1.0,1,1,1,2,1,1,1,1,2,2,1,1,1,1,1,2,1,1,1,1,1,2,1,2,1,1,1,2,1,1,1,1,1,2,1,1,1,1,1,2,1,2,1,1,1,2,1,1,1,1,1,2,1,1,1,1,1,1,1,1,1,1,1,1,1,1,1,1
1.0,0.0,1.0,4.0,1761.079,1.0,2.0,0.0,1.0,4.0,0.0,0.0,3.0,0.0,1.0,4.0,0.0,0.0,4.0,0.0,1.0,4.0,893.297,2.0,5.0,0.0,1.0,4.0,0.0,0.0,6.0,1.0,1.0,4.0,0.0,0.0,7.0,1.0,1.0,4.0,0.0,0.0,1.0,0.0,1.0,4.0,0.0,0.0,3.625,0.25,1.0,4.0,331.797,0.375,2.2638462845343543,0.4629100498862757,0.0,0.0,656.6870075046625,0.7440238091428449,0.2262499558606612,1.4401645996461911,0.0,0.0,1.935560200489764,1.9510301759000723,-5.0,1,1,1,2,1,2,1,1,1,2,1,1,1,1,1,2,1,1,1,1,1,2,1,2,1,1,1,2,1,1,1,1,1,2,1,1,1,1,1,2,1,1,1,1,1,2,1,1,1,1,1,2,1,1,1,1,1,1,1,1,1,1,1,1,1,1,1,1
4.0,0.0,1.0,4.0,893.297,2.0,5.0,0.0,1.0,4.0,0.0,0.0,6.0,1.0,1.0,4.0,0.0,0.0,7.0,1.0,1.0,4.0,0.0,0.0,1.0,0.0,1.0,4.0,0.0,0.0,2.0,0.0,1.0,4.0,0.0,0.0,3.0,0.0,1.0,4.0,3600.0,1.0,4.0,0.0,1.0,4.0,1969.616,1.0,4.0,0.25,1.0,4.0,807.8641250000001,0.5,2.0,0.4629100498862757,0.0,0.0,1331.819977215329,0.7559289460184544,0.0,1.4401645996461911,0.0,0.0,1.669062970839515,1.3228756555322954,1.0,1,1,1,2,1,1,1,1,1,2,1,1,1,1,1,2,1,1,1,1,1,2,1,1,1,1,1,2,1,1,1,1,1,2,1,1,1,1,1,2,1,2,1,1,1,2,1,2,1,1,1,2,1,1,1,1,1,1,1,1,1,1,1,1,1,1,1,1
5.0,0.0,0.0,4.0,0.0,0.0,6.0,1.0,0.0,4.0,3.131,1.0,7.0,1.0,0.0,4.0,0.0,0.0,1.0,0.0,0.0,4.0,0.0,0.0,2.0,0.0,0.0,4.0,2231.063,3.0,3.0,0.0,0.0,4.0,0.0,0.0,4.0,0.0,0.0,4.0,2589.117,5.0,5.0,0.0,0.0,4.0,0.0,0.0,4.125,0.25,0.0,4.0,602.9138750000001,1.125,2.03100960115899,0.4629100498862757,0.0,0.0,1119.511221629388,1.8850918886280923,-0.2238027108715141,1.4401645996461911,0.0,0.0,1.471584018455799,1.6394173037133282,11.0,1,1,1,1,1,1,1,1,2,1,1,1,1,1,1,1,1,1,1,1,1,1,1,1,1,1,1,1,1,2,2,1,1,1,1,1,1,1,1,1,1,2,2,1,1,1,1,1,1,1,1,1,1,1,1,1,1,1,1,1,1,1,1,1,1,1,1,1
5.0,0.0,0.0,1.0,0.0,0.0,6.0,1.0,0.0,1.0,0.0,0.0,7.0,1.0,0.0,1.0,0.0,0.0,1.0,0.0,0.0,1.0,0.0,0.0,2.0,0.0,0.0,1.0,46.357,1.0,3.0,0.0,0.0,1.0,0.0,0.0,4.0,0.0,0.0,1.0,0.0,0.0,5.0,0.0,0.0,1.0,0.0,0.0,4.125,0.25,0.0,1.0,5.794625,0.125,2.03100960115899,0.4629100498862757,0.0,0.0,16.389674527732392,0.3535533905932738,-0.2238027108715141,1.4401645996461911,0.0,0.0,2.82842712474619,2.8284271247461903,0.0,1,1,1,1,1,1,1,1,2,1,1,1,1,1,1,1,1,1,1,1,1,1,1,1,1,1,1,1,1,2,1,1,1,1,1,1,1,1,1,1,1,1,1,1,1,1,1,1,1,1,1,1,1,1,1,1,1,1,1,1,1,1,1,1,1,1,1,1
3.0,0.0,0.0,1.0,0.0,0.0,4.0,0.0,0.0,1.0,3600.0,1.0,5.0,0.0,0.0,1.0,0.0,0.0,6.0,1.0,0.0,1.0,0.0,0.0,7.0,1.0,0.0,1.0,3600.0,1.0,1.0,0.0,0.0,1.0,0.0,0.0,2.0,0.0,0.0,1.0,0.0,0.0,3.0,0.0,0.0,1.0,214.928,1.0,3.875,0.25,0.0,1.0,926.866,0.375,2.03100960115899,0.4629100498862757,0.0,0.0,1651.5598423281117,0.5175491695067657,0.2238027108715141,1.4401645996461911,0.0,0.0,1.4316937393555589,0.6440611887195306,0.0,1,1,1,1,1,1,1,1,1,1,1,2,1,1,1,1,1,1,1,1,1,1,1,1,1,1,2,1,1,2,1,1,1,1,1,1,1,1,1,1,1,1,1,1,1,1,1,2,1,1,1,1,1,1,1,1,1,1,1,1,1,1,1,1,1,1,1,1
4.0,0.0,0.0,1.0,3600.0,1.0,5.0,0.0,0.0,1.0,0.0,0.0,6.0,1.0,0.0,1.0,0.0,0.0,7.0,1.0,0.0,1.0,3600.0,1.0,1.0,0.0,0.0,1.0,0.0,0.0,2.0,0.0,0.0,1.0,0.0,0.0,3.0,0.0,0.0,1.0,214.928,1.0,4.0,0.0,0.0,1.0,0.0,0.0,4.0,0.25,0.0,1.0,926.866,0.375,2.0,0.4629100498862757,0.0,0.0,1651.5598423281117,0.5175491695067657,0.0,1.4401645996461911,0.0,0.0,1.4316937393555589,0.6440611887195306,2.0,1,1,1,1,1,2,1,1,1,1,1,1,1,1,1,1,1,1,1,1,1,1,1,2,1,1,1,1,1,1,1,1,1,1,1,1,1,1,1,1,1,2,1,1,1,1,1,1,1,1,1,1,1,1,1,1,1,1,1,1,1,1,1,1,1,1,1,1
4.0,0.0,0.0,1.0,542.759,2.0,5.0,0.0,0.0,2.0,0.0,0.0,6.0,1.0,0.0,2.0,10.145,3.0,7.0,1.0,0.0,2.0,206.748,2.0,1.0,0.0,0.0,2.0,0.0,0.0,2.0,0.0,0.0,2.0,756.961,1.0,3.0,0.0,0.0,2.0,1163.119,2.0,4.0,0.0,0.0,2.0,0.908,1.0,4.0,0.25,0.0,1.875,335.08,1.375,2.0,0.4629100498862757,0.0,0.3535533905932738,441.59495428600303,1.0606601717798212,0.0,1.4401645996461911,0.0,-2.8284271247461903,1.1121640185345103,-0.0448956686467649,-9.0,1,1,1,1,1,1,1,1,1,1,1,1,1,1,1,1,1,1,2,1,1,1,1,1,1,1,1,1,1,1,1,1,1,1,1,2,1,1,1,1,1,2,1,1,1,1,1,1,1,1,1,1,1,1,1,1,1,1,2,1,1,1,1,1,0,1,1,1
1.0,0.0,0.0,2.0,0.0,0.0,2.0,0.0,0.0,2.0,0.0,0.0,3.0,0.0,0.0,2.0,178.366,2.0,4.0,0.0,0.0,2.0,0.0,0.0,5.0,0.0,0.0,2.0,0.0,0.0,6.0,1.0,0.0,2.0,282.823,2.0,7.0,1.0,0.0,2.0,0.0,0.0,1.0,0.0,0.0,2.0,0.0,0.0,3.625,0.25,0.0,2.0,57.648625,0.5,2.2638462845343543,0.4629100498862757,0.0,0.0,110.33479412994085,0.9258200997725514,0.2262499558606612,1.4401645996461911,0.0,0.0,1.7055035385188342,1.4401645996461911,0.0,1,1,1,1,1,1,1,1,1,1,1,1,1,1,1,1,1,2,1,1,1,1,1,1,1,1,1,1,1,1,1,1,1,1,1,2,1,1,1,1,1,1,1,1,1,1,1,1,1,1,1,1,1,1,1,1,1,1,1,1,1,1,1,1,1,1,1,1
4.0,0.0,0.0,2.0,0.0,0.0,5.0,0.0,0.0,2.0,6.02,1.0,6.0,1.0,0.0,2.0,297.793,1.0,7.0,1.0,0.0,2.0,0.0,0.0,1.0,0.0,0.0,2.0,0.0,0.0,2.0,0.0,0.0,2.0,12.448,2.0,3.0,0.0,0.0,2.0,2.443,1.0,4.0,0.0,0.0,2.0,18.853,4.0,4.0,0.25,0.0,2.0,42.194625,1.125,2.0,0.4629100498862757,0.0,0.0,103.5030550134874,1.3562026818605375,0.0,1.4401645996461911,0.0,0.0,2.8041606913538684,1.5391347242530748,-5.0,1,1,1,1,1,1,1,1,1,1,1,1,1,1,1,1,1,2,1,1,1,1,1,1,1,1,1,1,1,1,1,1,1,1,1,1,1,1,1,1,1,1,1,1,1,1,1,1,2,1,1,1,1,1,1,1,1,1,1,1,1,1,1,1,1,1,1,1
7.0,1.0,0.0,2.0,0.0,0.0,1.0,0.0,0.0,2.0,0.0,0.0,2.0,0.0,0.0,2.0,12.448,2.0,3.0,0.0,0.0,2.0,2.443,1.0,4.0,0.0,0.0,2.0,18.853,4.0,5.0,0.0,0.0,2.0,3.543,1.0,6.0,1.0,0.0,2.0,3.579,1.0,7.0,1.0,0.0,2.0,0.0,0.0,4.375,0.375,0.0,2.0,5.10825,1.125,2.2638462845343543,0.5175491695067657,0.0,0.0,6.896840969396269,1.3562026818605375,-0.2262499558606612,0.6440611887195306,0.0,0.0,1.489752797454425,1.5391347242530748,2.0,1,1,2,1,1,1,1,1,1,1,1,1,1,1,1,1,1,1,1,1,1,1,1,1,1,1,1,1,1,1,2,1,1,1,1,1,1,1,1,1,1,1,1,1,2,1,1,1,1,1,2,1,1,1,1,1,2,1,1,1,1,1,0,1,1,1,1,1
3.0,0.0,0.0,2.0,2.443,1.0,4.0,0.0,0.0,2.0,18.853,4.0,5.0,0.0,0.0,2.0,3.543,1.0,6.0,1.0,0.0,2.0,3.579,1.0,7.0,1.0,0.0,2.0,0.0,0.0,1.0,0.0,0.0,2.0,35.749,1.0,2.0,0.0,0.0,2.0,327.837,2.0,3.0,0.0,0.0,2.0,0.0,0.0,3.875,0.25,0.0,2.0,49.0005,1.25,2.03100960115899,0.4629100498862757,0.0,0.0,113.34742010801506,1.2817398889233114,0.2238027108715141,1.4401645996461911,0.0,0.0,2.763253579640919,1.560378995210988,0.0,1,1,1,1,1,1,1,1,1,1,1,1,2,1,1,1,1,1,1,1,1,1,1,1,1,1,2,1,1,1,1,1,1,1,1,1,1,1,1,1,1,2,1,1,1,1,1,1,1,1,1,1,1,1,1,1,1,1,1,1,1,1,1,1,1,1,1,1
1.0,0.0,0.0,2.0,35.749,1.0,2.0,0.0,0.0,2.0,327.837,2.0,3.0,0.0,0.0,2.0,0.0,0.0,4.0,0.0,0.0,2.0,9.787,2.0,5.0,0.0,0.0,2.0,0.0,0.0,6.0,1.0,0.0,2.0,0.0,0.0,7.0,1.0,0.0,2.0,0.0,0.0,1.0,0.0,0.0,2.0,0.0,0.0,3.625,0.25,0.0,2.0,46.671625,0.625,2.2638462845343543,0.4629100498862757,0.0,0.0,114.28345105661936,0.9161253813129044,0.2262499558606612,1.4401645996461911,0.0,0.0,2.7650204916321197,0.9986554631966832,3.0,1,1,1,1,1,1,1,1,1,1,1,2,1,1,1,1,1,1,1,1,1,1,1,1,1,1,1,1,1,1,1,1,1,1,1,1,1,1,1,1,1,1,1,1,1,1,1,1,1,1,1,1,1,1,1,1,1,1,1,1,1,1,1,1,1,1,1,1
4.0,0.0,0.0,2.0,0.0,0.0,5.0,0.0,0.0,2.0,0.0,0.0,6.0,1.0,0.0,2.0,12.523,3.0,7.0,1.0,0.0,2.0,0.0,0.0,1.0,0.0,0.0,2.0,0.0,0.0,2.0,0.0,0.0,2.0,3016.859,1.0,3.0,0.0,0.0,2.0,0.0,0.0,4.0,0.0,0.0,2.0,0.0,0.0,4.0,0.25,0.0,2.0,378.67275,0.5,2.0,0.4629100498862757,0.0,0.0,1065.997228532279,1.0690449676496976,0.0,1.4401645996461911,0.0,0.0,2.828331719410901,2.338535866733713,6.0,1,1,1,1,1,1,1,1,1,1,1,1,1,1,1,1,1,1,2,1,1,1,1,1,1,1,1,1,1,1,1,1,1,1,1,2,1,1,1,1,1,1,1,1,1,1,1,1,1,1,1,1,1,1,1,1,1,1,1,1,1,1,1,1,1,1,1,1
2.0,0.0,1.0,2.0,0.0,0.0,3.0,0.0,1.0,2.0,0.0,0.0,4.0,0.0,1.0,2.0,0.0,0.0,5.0,0.0,1.0,2.0,0.0,0.0,6.0,1.0,1.0,2.0,0.0,0.0,7.0,1.0,1.0,2.0,0.0,0.0,1.0,0.0,0.0,2.0,3164.322,2.0,2.0,0.0,0.0,2.0,0.0,0.0,3.75,0.25,0.75,2.0,395.54025,0.25,2.1213203435596424,0.4629100498862757,0.4629100498862757,0.0,1118.7567720288894,0.7071067811865476,0.3142696805273544,1.4401645996461911,-1.4401645996461911,0.0,2.82842712474619,2.8284271247461903,-5.0,1,1,1,2,1,1,1,1,1,2,1,1,1,1,1,2,1,1,1,1,1,2,1,1,1,1,2,2,1,1,1,1,1,2,1,1,1,1,1,1,1,2,1,1,1,1,1,1,1,1,1,2,1,1,1,1,1,2,1,1,1,1,1,0,1,1,1,1
5.0,0.0,1.0,2.0,0.0,0.0,6.0,1.0,1.0,2.0,0.0,0.0,7.0,1.0,1.0,2.0,0.0,0.0,1.0,0.0,0.0,2.0,3164.322,2.0,2.0,0.0,0.0,2.0,0.0,0.0,3.0,0.0,0.0,2.0,95.348,1.0,4.0,0.0,0.0,2.0,3517.944,3.0,5.0,0.0,0.0,2.0,3027.766,1.0,4.125,0.25,0.375,2.0,1225.6725,0.875,2.03100960115899,0.4629100498862757,0.5175491695067657,0.0,1671.0619925505885,1.1259916264596033,-0.2238027108715141,1.4401645996461911,0.6440611887195306,0.0,0.6683696608652889,1.1132597235220516,2.0,-1,1,1,2,1,1,1,1,2,2,1,1,1,1,1,2,1,1,1,1,1,1,1,2,1,1,1,1,1,1,1,1,1,1,1,2,1,1,1,1,1,2,2,1,1,1,1,2,1,1,1,2,1,1,1,1,1,2,1,1,1,1,1,2,1,1,1,0
5.0,0.0,0.0,3.0,0.0,0.0,6.0,1.0,0.0,3.0,3116.346,2.0,7.0,1.0,0.0,3.0,3600.0,1.0,1.0,0.0,0.0,3.0,0.0,0.0,2.0,0.0,0.0,3.0,6.957,1.0,3.0,0.0,0.0,3.0,3600.0,1.0,4.0,0.0,0.0,3.0,3600.0,1.0,5.0,0.0,0.0,3.0,0.0,0.0,4.125,0.25,0.0,3.0,1740.412875,0.75,2.03100960115899,0.4629100498862757,0.0,0.0,1865.4514960129577,0.7071067811865476,-0.2238027108715141,1.4401645996461911,0.0,0.0,0.025600484098539,0.4040610178208842,0.0,1,1,1,1,1,1,1,1,2,1,1,2,1,1,1,1,1,2,1,1,1,1,1,1,1,1,1,1,1,1,1,1,1,1,1,2,1,1,1,1,1,2,1,1,1,1,1,1,1,1,1,1,1,1,1,1,1,1,1,1,1,1,1,1,1,1,1,1
2.0,0.0,0.0,3.0,6.957,1.0,3.0,0.0,0.0,3.0,3600.0,1.0,4.0,0.0,0.0,3.0,3600.0,1.0,5.0,0.0,0.0,3.0,0.0,0.0,6.0,1.0,0.0,3.0,1448.535,2.0,7.0,1.0,0.0,3.0,27.344,2.0,1.0,0.0,0.0,3.0,1688.704,1.0,2.0,0.0,0.0,3.0,0.0,0.0,3.75,0.25,0.0,3.0,1296.4425,1.0,2.1213203435596424,0.4629100498862757,0.0,0.0,1577.7319025186575,0.7559289460184544,0.3142696805273544,1.4401645996461911,0.0,0.0,0.7742913188217557,0.0,0.0,1,1,1,1,1,1,1,1,1,1,1,2,1,1,1,1,1,2,1,1,1,1,1,1,1,1,2,1,1,2,1,1,1,1,1,1,1,1,1,1,1,2,1,1,1,1,1,1,1,1,1,1,1,1,1,1,1,1,1,1,1,1,1,1,1,1,1,1
5.0,0.0,0.0,3.0,0.0,0.0,6.0,1.0,0.0,3.0,1448.535,2.0,7.0,1.0,0.0,3.0,27.344,2.0,1.0,0.0,0.0,3.0,1688.704,1.0,2.0,0.0,0.0,3.0,0.0,0.0,3.0,0.0,0.0,3.0,12.509,2.0,4.0,0.0,0.0,3.0,3539.802,2.0,5.0,0.0,0.0,3.0,0.0,0.0,4.125,0.25,0.0,3.0,839.61175,1.125,2.03100960115899,0.4629100498862757,0.0,0.0,1300.631389999131,0.9910312089651148,-0.2238027108715141,1.4401645996461911,0.0,0.0,1.5278000904538729,-0.3118881689040625,3.0,1,1,1,1,1,1,1,1,2,1,1,2,1,1,1,1,1,1,1,1,1,1,1,2,1,1,1,1,1,1,1,1,1,1,1,1,1,1,1,1,1,2,1,1,1,1,1,1,1,1,1,1,1,1,1,1,1,1,1,1,1,1,1,1,1,1,1,1
1.0,0.0,0.0,3.0,1688.704,1.0,2.0,0.0,0.0,3.0,0.0,0.0,3.0,0.0,0.0,3.0,12.509,2.0,4.0,0.0,0.0,3.0,3539.802,2.0,5.0,0.0,0.0,3.0,0.0,0.0,6.0,1.0,0.0,3.0,3321.093,2.0,7.0,1.0,0.0,3.0,3600.0,1.0,1.0,0.0,0.0,3.0,970.071,6.0,3.625,0.25,0.0,3.0,1641.522375,1.75,2.2638462845343543,0.4629100498862757,0.0,0.0,1636.896308461573,1.9086270308410556,0.2262499558606612,1.4401645996461911,0.0,0.0,0.2440001991351124,1.7875491915143449,8.0,1,1,1,1,1,2,1,1,1,1,1,1,1,1,1,1,1,1,1,1,1,1,1,2,1,1,1,1,1,1,1,1,1,1,1,2,1,1,1,1,1,2,1,1,1,1,1,2,2,1,1,1,1,1,1,1,1,1,1,1,1,1,1,1,1,1,1,1
2.0,0.0,0.0,3.0,37.376,5.0,3.0,0.0,0.0,3.0,7.448,1.0,4.0,0.0,0.0,3.0,0.0,0.0,5.0,0.0,0.0,3.0,11.902,2.0,6.0,1.0,0.0,3.0,0.0,0.0,7.0,1.0,0.0,3.0,0.0,0.0,1.0,0.0,0.0,3.0,543.448,10.0,2.0,0.0,0.0,3.0,1058.27,12.0,3.75,0.25,0.0,3.0,207.3055,3.75,2.1213203435596424,0.4629100498862757,0.0,0.0,391.5282610938102,4.803272693844122,0.3142696805273544,1.4401645996461911,0.0,0.0,1.9267562772941589,1.0712510331774008,9.0,1,1,1,1,1,1,2,1,1,1,1,1,1,1,1,1,1,1,1,1,1,1,1,1,1,1,2,1,1,1,1,1,1,1,1,1,1,1,1,1,1,2,2,1,1,1,1,2,2,1,1,1,1,1,2,1,1,1,1,1,2,1,1,1,1,1,1,1
7.0,1.0,0.0,3.0,0.0,0.0,1.0,0.0,0.0,3.0,543.448,10.0,2.0,0.0,0.0,3.0,1058.27,12.0,3.0,0.0,0.0,3.0,9.089,1.0,4.0,0.0,0.0,3.0,7.167,1.0,5.0,0.0,0.0,3.0,0.0,0.0,6.0,1.0,0.0,3.0,0.0,0.0,7.0,1.0,0.0,3.0,726.752,1.0,4.375,0.375,0.0,3.0,293.09075,3.125,2.2638462845343543,0.5175491695067657,0.0,0.0,423.6501361523781,4.911720676097125,-0.2262499558606612,0.6440611887195306,0.0,0.0,1.060759222977575,1.4525897330904434,-8.0,1,1,2,1,1,1,1,1,1,1,1,2,2,1,1,1,1,2,2,1,1,1,1,1,1,1,1,1,1,1,1,1,1,1,1,1,1,1,1,1,1,1,1,1,2,1,1,2,1,1,2,1,1,1,2,1,2,1,1,1,2,1,0,1,1,1,1,1
3.0,0.0,0.0,3.0,9.089,1.0,4.0,0.0,0.0,3.0,7.167,1.0,5.0,0.0,0.0,3.0,0.0,0.0,6.0,1.0,0.0,3.0,0.0,0.0,7.0,1.0,0.0,3.0,726.752,1.0,1.0,0.0,0.0,3.0,3600.0,1.0,2.0,0.0,0.0,3.0,6.175,1.0,3.0,0.0,0.0,3.0,0.0,0.0,3.875,0.25,0.0,3.0,543.6478750000001,0.625,2.03100960115899,0.4629100498862757,0.0,0.0,1260.607363819003,0.5175491695067657,0.2238027108715141,1.4401645996461911,0.0,0.0,2.62541715875315,-0.6440611887195306,8.0,1,1,1,1,1,1,1,1,1,1,1,1,1,1,1,1,1,1,1,1,1,1,1,1,1,1,2,1,1,2,1,1,1,1,1,2,1,1,1,1,1,1,1,1,1,1,1,1,1,1,1,1,1,1,1,1,1,1,1,1,1,1,1,1,1,1,1,1
7.0,1.0,0.0,3.0,726.752,1.0,1.0,0.0,0.0,3.0,3600.0,1.0,2.0,0.0,0.0,3.0,6.175,1.0,3.0,0.0,0.0,3.0,0.0,0.0,4.0,0.0,0.0,3.0,0.0,0.0,5.0,0.0,0.0,3.0,1895.965,4.0,6.0,1.0,0.0,3.0,2549.066,1.0,7.0,1.0,0.0,3.0,474.904,1.0,4.375,0.375,0.0,3.0,1156.60775,1.125,2.2638462845343543,0.5175491695067657,0.0,0.0,1368.222478987427,1.246423454758225,-0.2262499558606612,0.6440611887195306,0.0,0.0,0.9428195618415296,2.0564587267830245,5.0,1,1,2,1,1,1,1,1,1,1,1,2,1,1,1,1,1,1,1,1,1,1,1,1,1,1,1,1,1,1,1,1,1,1,1,2,2,1,1,1,1,2,1,1,2,1,1,2,1,1,2,1,1,1,1,1,2,1,1,1,1,1,0,1,1,1,1,1
3.0,0.0,0.0,3.0,0.0,0.0,4.0,0.0,0.0,3.0,0.0,0.0,5.0,0.0,0.0,3.0,1895.965,4.0,6.0,1.0,0.0,3.0,2549.066,1.0,7.0,1.0,0.0,3.0,474.904,1.0,1.0,0.0,0.0,3.0,7.437,1.0,2.0,0.0,0.0,3.0,6.977,1.0,3.0,0.0,0.0,3.0,280.362,2.0,3.875,0.25,0.0,3.0,651.838875,1.25,2.03100960115899,0.4629100498862757,0.0,0.0,999.8221305847266,1.2817398889233114,0.2238027108715141,1.4401645996461911,0.0,0.0,1.4499648208837188,1.560378995210988,-1.0,1,1,1,1,1,1,1,1,1,1,1,1,1,1,1,1,1,2,2,1,1,1,1,2,1,1,2,1,1,2,1,1,1,1,1,1,1,1,1,1,1,1,1,1,1,1,1,2,1,1,1,1,1,1,1,1,1,1,1,1,1,1,1,1,1,1,1,1
3.0,0.0,0.0,3.0,280.362,2.0,4.0,0.0,0.0,3.0,0.0,0.0,5.0,0.0,0.0,3.0,0.0,0.0,6.0,1.0,0.0,3.0,944.713,5.0,7.0,1.0,0.0,3.0,0.0,0.0,1.0,0.0,0.0,3.0,2599.809,1.0,2.0,0.0,0.0,3.0,0.0,0.0,3.0,0.0,0.0,3.0,6.473,1.0,3.875,0.25,0.0,3.0,478.919625,1.125,2.03100960115899,0.4629100498862757,0.0,0.0,917.7007123350552,1.7268882005337975,0.2238027108715141,1.4401645996461911,0.0,0.0,2.239909498508899,1.9660853434454133,-8.0,1,1,1,1,1,1,1,1,1,1,1,1,1,1,1,1,1,1,1,1,1,1,1,2,2,1,2,1,1,1,1,1,1,1,1,2,1,1,1,1,1,1,1,1,1,1,1,1,1,1,1,1,1,1,1,1,1,1,1,1,1,1,1,1,1,1,1,1
5.0,0.0,0.0,3.0,42.094,2.0,6.0,1.0,0.0,3.0,47.267,2.0,7.0,1.0,0.0,3.0,2698.129,2.0,1.0,0.0,0.0,3.0,626.908,2.0,2.0,0.0,0.0,3.0,21.933,2.0,3.0,0.0,0.0,3.0,6.829,1.0,4.0,0.0,0.0,3.0,7.926,1.0,5.0,0.0,0.0,3.0,6.868,1.0,4.125,0.25,0.0,3.0,432.24425,1.625,2.03100960115899,0.4629100498862757,0.0,0.0,939.8234457747524,0.5175491695067657,-0.2238027108715141,1.4401645996461911,0.0,0.0,2.5756762526585097,-0.6440611887195306,5.0,1,1,1,1,1,1,1,1,2,1,1,1,1,1,1,1,1,2,1,1,1,1,1,2,1,1,1,1,1,1,1,1,1,1,1,1,1,1,1,1,1,1,1,1,1,1,1,1,1,1,1,1,1,1,1,1,1,1,1,1,1,1,1,1,1,1,1,1
5.0,0.0,0.0,3.0,6.868,1.0,6.0,1.0,0.0,3.0,872.044,3.0,7.0,1.0,0.0,3.0,6.848,1.0,1.0,0.0,0.0,3.0,7.082,1.0,2.0,0.0,0.0,3.0,1080.21,2.0,3.0,0.0,0.0,3.0,0.0,0.0,4.0,0.0,0.0,3.0,7.397,1.0,5.0,0.0,0.0,3.0,621.267,1.0,4.125,0.25,0.0,3.0,325.21450000000004,1.25,2.03100960115899,0.4629100498862757,0.0,0.0,457.8474846034586,0.8864052604279183,-0.2238027108715141,1.4401645996461911,0.0,0.0,0.9061719881309556,1.0255928633050295,10.0,1,1,1,1,1,1,1,1,2,1,1,2,2,1,1,1,1,1,1,1,1,1,1,1,1,1,1,1,1,2,1,1,1,1,1,1,1,1,1,1,1,1,1,1,1,1,1,2,1,1,1,1,1,1,1,1,1,1,1,1,1,1,1,1,1,1,1,1
5.0,0.0,0.0,3.0,621.267,1.0,6.0,1.0,0.0,3.0,7.022,1.0,7.0,1.0,0.0,3.0,3488.769,1.0,1.0,0.0,0.0,3.0,3331.723,3.0,2.0,0.0,0.0,3.0,1418.442,3.0,3.0,0.0,0.0,3.0,7.249,1.0,4.0,0.0,0.0,3.0,6.893,1.0,5.0,0.0,0.0,3.0,6.978,1.0,4.125,0.25,0.0,3.0,1111.042875,1.5,2.03100960115899,0.4629100498862757,0.0,0.0,1502.1273285603452,0.9258200997725514,-0.2238027108715141,1.4401645996461911,0.0,0.0,1.0634301422523875,1.4401645996461911,0.0,1,1,1,1,1,1,1,1,2,1,1,1,1,1,1,1,1,2,1,1,1,1,1,2,2,1,1,1,1,2,2,1,1,1,1,1,1,1,1,1,1,1,1,1,1,1,1,1,1,1,1,1,1,1,1,1,1,1,1,1,1,1,1,1,1,1,1,1
7.0,1.0,0.0,3.0,407.777,1.0,1.0,0.0,0.0,3.0,7.823,1.0,2.0,0.0,0.0,3.0,7.112,1.0,3.0,0.0,1.0,3.0,6.73,1.0,4.0,0.0,1.0,3.0,0.0,0.0,6.0,1.0,1.0,4.0,0.0,0.0,7.0,1.0,1.0,4.0,7.036,1.0,1.0,0.0,1.0,4.0,3600.0,1.0,3.875,0.375,0.625,3.375,504.55975,0.75,2.5319388392523003,0.5175491695067657,0.5175491695067657,0.5175491695067657,1258.6752860072202,0.4629100498862757,0.1859255373149166,0.6440611887195306,-0.6440611887195306,0.6440611887195306,2.761491049404275,-1.4401645996461911,1.0,-1,1,2,1,1,1,1,1,1,1,1,1,1,1,1,1,1,1,1,1,1,2,1,1,1,1,1,2,1,1,1,1,1,2,1,1,1,1,1,2,1,1,1,1,1,2,1,2,1,1,2,2,1,1,1,1,2,2,2,1,1,1,0,0,2,1,1,0
5.0,0.0,1.0,4.0,0.0,0.0,6.0,1.0,1.0,4.0,3600.0,1.0,7.0,1.0,1.0,4.0,0.0,0.0,1.0,0.0,1.0,4.0,3600.0,1.0,2.0,0.0,1.0,4.0,3600.0,1.0,3.0,0.0,1.0,4.0,0.0,0.0,4.0,0.0,1.0,4.0,49.389,4.0,5.0,0.0,1.0,4.0,7.159,1.0,4.125,0.25,1.0,4.0,1357.0685,1.0,2.03100960115899,0.4629100498862757,0.0,0.0,1857.3949197373956,1.3093073414159542,-0.2238027108715141,1.4401645996461911,0.0,0.0,0.6437665152100116,2.036700308869262,-3.0,1,1,1,2,1,1,1,1,2,2,1,2,1,1,1,2,1,1,1,1,1,2,1,2,1,1,1,2,1,2,1,1,1,2,1,1,1,1,1,2,1,2,2,1,1,2,1,1,1,1,1,2,1,1,1,1,1,1,1,1,1,1,1,1,1,1,1,1
5.0,0.0,1.0,4.0,7.159,1.0,6.0,1.0,1.0,4.0,7.885,1.0,7.0,1.0,0.0,4.0,0.0,0.0,1.0,0.0,0.0,4.0,3261.573,2.0,2.0,0.0,0.0,4.0,6.955,1.0,3.0,0.0,0.0,4.0,3087.268,4.0,4.0,0.0,0.0,4.0,6.806,1.0,5.0,0.0,0.0,4.0,6.472,1.0,4.125,0.25,0.25,4.0,798.0147499999999,1.375,2.03100960115899,0.4629100498862757,0.4629100498862757,0.0,1467.4911444543468,1.1877349391654208,-0.2238027108715141,1.4401645996461911,1.4401645996461911,0.0,1.4445034905614618,1.7584795446063912,10.0,1,1,1,2,1,1,1,1,2,2,1,1,1,1,1,1,1,1,1,1,1,1,1,2,1,1,1,1,1,1,1,1,1,1,1,2,2,1,1,1,1,1,1,1,1,1,1,1,1,1,1,2,1,1,1,1,1,2,1,1,1,1,1,2,1,1,1,1
1.0,0.0,0.0,4.0,3261.573,2.0,2.0,0.0,0.0,4.0,6.955,1.0,3.0,0.0,0.0,4.0,3087.268,4.0,4.0,0.0,0.0,4.0,6.806,1.0,5.0,0.0,0.0,4.0,6.472,1.0,6.0,1.0,0.0,4.0,7.105,1.0,7.0,1.0,0.0,4.0,7.98,1.0,1.0,0.0,0.0,4.0,1849.088,5.0,3.625,0.25,0.0,4.0,1029.155875,2.0,2.2638462845343543,0.4629100498862757,0.0,0.0,1469.458830969069,1.6035674514745464,0.2262499558606612,1.4401645996461911,0.0,0.0,0.9038081597622392,1.3857990321384968,0.0,1,1,1,1,1,2,1,1,1,1,1,1,1,1,1,1,1,2,2,1,1,1,1,1,1,1,1,1,1,1,1,1,1,1,1,1,1,1,1,1,1,1,1,1,1,1,1,2,2,1,1,1,1,1,1,1,1,1,1,1,1,1,1,1,1,1,1,1
1.0,0.0,0.0,4.0,1849.088,5.0,2.0,0.0,0.0,4.0,651.027,1.0,3.0,0.0,0.0,4.0,10.822,2.0,4.0,0.0,0.0,4.0,18.893,2.0,5.0,0.0,0.0,4.0,1231.604,3.0,6.0,1.0,0.0,4.0,7.04,1.0,7.0,1.0,0.0,4.0,6.787,1.0,1.0,0.0,0.0,4.0,7.236,1.0,3.625,0.25,0.0,4.0,472.812125,2.0,2.2638462845343543,0.4629100498862757,0.0,0.0,714.3451147440545,1.4142135623730951,0.2262499558606612,1.4401645996461911,0.0,0.0,1.3346053087539516,1.616244071283537,-1.0,1,1,1,1,1,2,2,1,1,1,1,2,1,1,1,1,1,1,1,1,1,1,1,1,1,1,1,1,1,2,2,1,1,1,1,1,1,1,1,1,1,1,1,1,1,1,1,1,1,1,1,1,1,1,1,1,1,1,1,1,1,1,1,1,1,1,1,1
7.0,1.0,0.0,4.0,3600.0,1.0,1.0,0.0,0.0,4.0,0.0,0.0,2.0,0.0,0.0,4.0,3600.0,1.0,3.0,0.0,0.0,4.0,0.0,0.0,4.0,0.0,0.0,4.0,0.0,0.0,5.0,0.0,0.0,4.0,35.178,4.0,6.0,1.0,0.0,4.0,7.161,1.0,7.0,1.0,0.0,4.0,3600.0,1.0,4.375,0.375,0.0,4.0,1355.292375,1.0,2.2638462845343543,0.5175491695067657,0.0,0.0,1858.830254209039,1.3093073414159542,-0.2262499558606612,0.6440611887195306,0.0,0.0,0.6439130737511812,2.036700308869262,0.0,1,1,2,1,1,2,1,1,1,1,1,1,1,1,1,1,1,2,1,1,1,1,1,1,1,1,1,1,1,1,1,1,1,1,1,1,2,1,1,1,1,1,1,1,2,1,1,2,1,1,2,1,1,1,1,1,2,1,1,1,1,1,0,1,1,1,1,1
3.0,0.0,0.0,4.0,0.0,0.0,4.0,0.0,0.0,4.0,0.0,0.0,5.0,0.0,0.0,4.0,35.178,4.0,6.0,1.0,0.0,4.0,7.161,1.0,7.0,1.0,0.0,4.0,3600.0,1.0,1.0,0.0,0.0,4.0,16.369,2.0,2.0,0.0,0.0,4.0,12.297,2.0,3.0,0.0,0.0,4.0,208.441,7.0,3.875,0.25,0.0,4.0,484.93075,2.125,2.03100960115899,0.4629100498862757,0.0,0.0,1260.6060290925552,2.356601669474803,0.2238027108715141,1.4401645996461911,0.0,0.0,2.811589987948449,1.4613118322641492,7.0,1,1,1,1,1,1,1,1,1,1,1,1,1,1,1,1,1,1,2,1,1,1,1,1,1,1,2,1,1,2,1,1,1,1,1,1,1,1,1,1,1,1,1,1,1,1,1,2,2,1,1,1,1,1,1,1,1,1,1,1,1,1,1,1,1,1,1,1
7.0,1.0,0.0,4.0,3600.0,1.0,1.0,0.0,0.0,4.0,16.369,2.0,2.0,0.0,0.0,4.0,12.297,2.0,3.0,0.0,0.0,4.0,208.441,7.0,4.0,0.0,0.0,4.0,3600.0,1.0,5.0,0.0,0.0,4.0,0.0,0.0,6.0,1.0,0.0,4.0,0.0,0.0,4.0,0.0,1.0,1.0,0.0,0.0,4.0,0.25,0.125,3.625,929.638375,1.625,2.0,0.4629100498862757,0.3535533905932738,1.0606601717798212,1649.677316701225,2.326094212561969,0.0,1.4401645996461911,2.8284271247461903,-2.8284271247461903,1.432541402088346,2.14952600500776,4.0,-1,1,2,1,1,2,1,1,1,1,1,1,1,1,1,1,1,1,1,1,1,1,1,1,2,1,1,1,1,2,1,1,1,1,1,1,1,1,1,1,1,1,1,1,1,2,1,1,1,1,1,2,1,1,1,1,1,2,2,1,1,1,1,2,0,1,1,0
4.0,0.0,0.0,1.0,8.579,1.0,5.0,0.0,0.0,1.0,7.74,1.0,6.0,1.0,0.0,1.0,11.925,1.0,7.0,1.0,0.0,1.0,11.192,1.0,1.0,0.0,0.0,1.0,13.167,1.0,2.0,0.0,0.0,1.0,14.339,1.0,3.0,0.0,0.0,1.0,14.842,1.0,4.0,0.0,0.0,1.0,17.155,1.0,4.0,0.25,0.0,1.0,12.367375,1.0,2.0,0.4629100498862757,0.0,0.0,3.182842706831202,0.0,0.0,1.4401645996461911,0.0,0.0,-0.1305293500184849,0.0,0.0,1,1,1,1,1,1,1,1,1,1,1,1,1,1,1,1,1,1,1,1,1,1,1,1,1,1,1,1,1,1,1,1,1,1,1,1,1,1,1,1,1,1,1,1,1,1,1,1,1,1,1,1,1,1,1,1,1,1,1,1,1,1,1,1,1,1,1,1
5.0,0.0,0.0,1.0,7.939,1.0,6.0,1.0,0.0,1.0,1388.372,5.0,7.0,1.0,0.0,1.0,13.605,1.0,1.0,0.0,0.0,1.0,9.094,1.0,2.0,0.0,0.0,1.0,15.724,1.0,3.0,0.0,0.0,1.0,10.902,1.0,4.0,0.0,0.0,1.0,5.9,1.0,5.0,0.0,0.0,1.0,16.898,2.0,4.125,0.25,0.0,1.0,183.55425,1.625,2.03100960115899,0.4629100498862757,0.0,0.0,486.83478916737545,1.407885953173359,-0.2238027108715141,1.4401645996461911,0.0,0.0,2.8280808485911115,2.5275900725748475,-3.0,1,1,1,1,1,1,1,1,2,1,1,2,2,1,1,1,1,1,1,1,1,1,1,1,1,1,1,1,1,1,1,1,1,1,1,1,1,1,1,1,1,1,1,1,1,1,1,1,1,1,1,1,1,1,1,1,1,1,1,1,1,1,1,1,1,1,1,1
1.0,0.0,0.0,1.0,9.094,1.0,2.0,0.0,0.0,1.0,15.724,1.0,3.0,0.0,0.0,1.0,10.902,1.0,4.0,0.0,0.0,1.0,5.9,1.0,5.0,0.0,0.0,1.0,16.898,2.0,6.0,1.0,0.0,1.0,10.522,1.0,7.0,1.0,0.0,1.0,297.001,1.0,1.0,0.0,0.0,1.0,15.849,1.0,3.625,0.25,0.0,1.0,47.73625,1.125,2.2638462845343543,0.4629100498862757,0.0,0.0,100.790200624508,0.3535533905932738,0.2262499558606612,1.4401645996461911,0.0,0.0,2.820335255433528,2.8284271247461903,-7.0,1,1,1,1,1,1,1,1,1,1,1,1,1,1,1,1,1,1,1,1,1,1,1,1,1,1,1,1,1,1,1,1,1,1,1,1,1,1,1,1,1,2,1,1,1,1,1,1,1,1,1,1,1,1,1,1,1,1,1,1,1,1,1,1,1,1,1,1
5.0,0.0,0.0,1.0,15.662,1.0,6.0,1.0,0.0,1.0,422.524,3.0,7.0,1.0,0.0,1.0,15.635,1.0,1.0,0.0,0.0,1.0,85.348,1.0,2.0,0.0,0.0,1.0,12.994,1.0,3.0,0.0,0.0,1.0,13.108,1.0,4.0,0.0,0.0,1.0,9.806,1.0,5.0,0.0,0.0,1.0,17.542,1.0,4.125,0.25,0.0,1.0,74.077375,1.25,2.03100960115899,0.4629100498862757,0.0,0.0,143.00122194976166,0.7071067811865476,-0.2238027108715141,1.4401645996461911,0.0,0.0,2.67112574280018,2.8284271247461903,-4.0,1,1,1,1,1,1,1,1,2,1,1,2,2,1,1,1,1,1,1,1,1,1,1,1,1,1,1,1,1,1,1,1,1,1,1,1,1,1,1,1,1,1,1,1,1,1,1,1,1,1,1,1,1,1,1,1,1,1,1,1,1,1,1,1,1,1,1,1
1.0,0.0,0.0,1.0,85.348,1.0,2.0,0.0,0.0,1.0,12.994,1.0,3.0,0.0,0.0,1.0,13.108,1.0,4.0,0.0,0.0,1.0,9.806,1.0,5.0,0.0,0.0,1.0,17.542,1.0,6.0,1.0,0.0,1.0,16.22,1.0,7.0,1.0,0.0,1.0,8.792,1.0,1.0,0.0,0.0,1.0,0.0,0.0,3.625,0.25,0.0,1.0,20.47625,0.875,2.2638462845343543,0.4629100498862757,0.0,0.0,26.766176298508853,0.3535533905932738,0.2262499558606612,1.4401645996461911,0.0,0.0,2.58940280828428,-2.8284271247461903,4.0,1,1,1,1,1,1,1,1,1,1,1,1,1,1,1,1,1,1,1,1,1,1,1,1,1,1,1,1,1,1,1,1,1,1,1,1,1,1,1,1,1,1,1,1,1,1,1,1,1,1,1,1,1,1,1,1,1,1,1,1,1,1,1,1,1,1,0,1
1.0,0.0,0.0,1.0,0.0,0.0,2.0,0.0,0.0,1.0,0.0,0.0,3.0,0.0,0.0,1.0,0.0,0.0,4.0,0.0,0.0,1.0,0.0,0.0,5.0,0.0,0.0,1.0,0.0,0.0,6.0,1.0,0.0,1.0,0.0,0.0,7.0,1.0,0.0,1.0,0.0,0.0,1.0,0.0,0.0,1.0,0.0,0.0,3.625,0.25,0.0,1.0,0.0,0.0,2.2638462845343543,0.4629100498862757,0.0,0.0,0.0,0.0,0.2262499558606612,1.4401645996461911,0.0,0.0,0.0,0.0,2.0,1,1,1,1,1,1,1,1,1,1,1,1,1,1,1,1,1,1,1,1,1,1,1,1,1,1,1,1,1,1,1,1,1,1,1,1,1,1,1,1,1,1,1,1,1,1,1,1,1,1,1,1,1,1,1,1,1,1,1,1,1,1,1,1,1,1,1,1
4.0,0.0,0.0,1.0,0.0,0.0,5.0,0.0,0.0,1.0,0.0,0.0,6.0,1.0,0.0,1.0,0.0,0.0,7.0,1.0,0.0,1.0,0.0,0.0,1.0,0.0,0.0,1.0,0.0,0.0,2.0,0.0,0.0,1.0,0.0,0.0,3.0,0.0,0.0,1.0,0.0,0.0,4.0,0.0,0.0,1.0,0.0,0.0,4.0,0.25,0.0,1.0,0.0,0.0,2.0,0.4629100498862757,0.0,0.0,0.0,0.0,0.0,1.4401645996461911,0.0,0.0,0.0,0.0,7.0,1,1,1,1,1,1,1,1,1,1,1,1,1,1,1,1,1,1,1,1,1,1,1,1,1,1,1,1,1,1,1,1,1,1,1,1,1,1,1,1,1,1,1,1,1,1,1,1,1,1,1,1,1,1,1,1,1,1,1,1,1,1,1,1,1,1,1,1
5.0,0.0,0.0,2.0,3400.056,2.0,6.0,1.0,0.0,2.0,0.0,0.0,7.0,1.0,0.0,2.0,0.0,0.0,1.0,0.0,0.0,2.0,0.0,0.0,2.0,0.0,0.0,2.0,0.0,0.0,3.0,0.0,0.0,2.0,0.0,0.0,4.0,0.0,0.0,2.0,0.0,0.0,5.0,0.0,0.0,2.0,0.0,0.0,4.125,0.25,0.0,2.0,425.007,0.25,2.03100960115899,0.4629100498862757,0.0,0.0,1202.101327007004,0.7071067811865476,-0.2238027108715141,1.4401645996461911,0.0,0.0,2.8284271247461903,2.8284271247461903,-3.0,1,1,1,1,1,2,1,1,2,1,1,1,1,1,1,1,1,1,1,1,1,1,1,1,1,1,1,1,1,1,1,1,1,1,1,1,1,1,1,1,1,1,1,1,1,1,1,1,1,1,1,1,1,1,1,1,1,1,1,1,1,1,1,1,1,1,1,1
1.0,0.0,0.0,2.0,0.0,0.0,2.0,0.0,0.0,2.0,0.0,0.0,3.0,0.0,0.0,2.0,0.0,0.0,4.0,0.0,0.0,2.0,0.0,0.0,5.0,0.0,0.0,2.0,0.0,0.0,6.0,1.0,0.0,2.0,0.0,0.0,7.0,1.0,0.0,2.0,0.0,0.0,1.0,0.0,0.0,2.0,0.0,0.0,3.625,0.25,0.0,2.0,0.0,0.0,2.2638462845343543,0.4629100498862757,0.0,0.0,0.0,0.0,0.2262499558606612,1.4401645996461911,0.0,0.0,0.0,0.0,2.0,1,1,1,1,1,1,1,1,1,1,1,1,1,1,1,1,1,1,1,1,1,1,1,1,1,1,1,1,1,1,1,1,1,1,1,1,1,1,1,1,1,1,1,1,1,1,1,1,1,1,1,1,1,1,1,1,1,1,1,1,1,1,1,1,1,1,1,1
4.0,0.0,0.0,2.0,0.0,0.0,5.0,0.0,0.0,2.0,0.0,0.0,6.0,1.0,0.0,2.0,0.0,0.0,7.0,1.0,0.0,2.0,0.0,0.0,1.0,0.0,0.0,2.0,0.0,0.0,2.0,0.0,0.0,2.0,0.0,0.0,3.0,0.0,0.0,2.0,0.0,0.0,4.0,0.0,0.0,2.0,0.0,0.0,4.0,0.25,0.0,2.0,0.0,0.0,2.0,0.4629100498862757,0.0,0.0,0.0,0.0,0.0,1.4401645996461911,0.0,0.0,0.0,0.0,-3.0,1,1,1,1,1,1,1,1,1,1,1,1,1,1,1,1,1,1,1,1,1,1,1,1,1,1,1,1,1,1,1,1,1,1,1,1,1,1,1,1,1,1,1,1,1,1,1,1,1,1,1,1,1,1,1,1,1,1,1,1,1,1,1,1,1,1,1,1
4.0,0.0,0.0,2.0,0.0,0.0,5.0,0.0,0.0,2.0,0.0,0.0,6.0,1.0,0.0,2.0,0.0,0.0,7.0,1.0,0.0,2.0,0.0,0.0,1.0,0.0,0.0,2.0,0.0,0.0,2.0,0.0,0.0,2.0,0.0,0.0,3.0,0.0,0.0,2.0,0.0,0.0,4.0,0.0,0.0,2.0,0.0,0.0,4.0,0.25,0.0,2.0,0.0,0.0,2.0,0.4629100498862757,0.0,0.0,0.0,0.0,0.0,1.4401645996461911,0.0,0.0,0.0,0.0,-10.0,1,1,1,1,1,1,1,1,1,1,1,1,1,1,1,1,1,1,1,1,1,1,1,1,1,1,1,1,1,1,1,1,1,1,1,1,1,1,1,1,1,1,1,1,1,1,1,1,1,1,1,1,1,1,1,1,1,1,1,1,1,1,1,1,1,1,1,1
4.0,0.0,0.0,2.0,0.0,0.0,5.0,0.0,0.0,2.0,0.0,0.0,6.0,1.0,0.0,2.0,0.0,0.0,7.0,1.0,0.0,2.0,2728.661,1.0,1.0,0.0,0.0,2.0,0.0,0.0,2.0,0.0,0.0,2.0,0.0,0.0,3.0,0.0,0.0,2.0,0.0,0.0,4.0,0.0,0.0,2.0,0.0,0.0,4.0,0.25,0.0,2.0,341.082625,0.125,2.0,0.4629100498862757,0.0,0.0,964.7273483296332,0.3535533905932738,0.0,1.4401645996461911,0.0,0.0,2.8284271247461903,2.8284271247461903,-8.0,1,1,1,1,1,1,1,1,1,1,1,1,1,1,1,1,1,1,1,1,1,1,1,2,1,1,1,1,1,1,1,1,1,1,1,1,1,1,1,1,1,1,1,1,1,1,1,1,1,1,1,1,1,1,1,1,1,1,1,1,1,1,1,1,1,1,1,1
7.0,1.0,0.0,2.0,2728.661,1.0,1.0,0.0,0.0,2.0,0.0,0.0,2.0,0.0,0.0,2.0,0.0,0.0,3.0,0.0,0.0,2.0,0.0,0.0,4.0,0.0,0.0,2.0,0.0,0.0,5.0,0.0,0.0,2.0,0.0,0.0,6.0,1.0,0.0,2.0,0.0,0.0,7.0,1.0,0.0,2.0,0.0,0.0,4.375,0.375,0.0,2.0,341.082625,0.125,2.2638462845343543,0.5175491695067657,0.0,0.0,964.7273483296332,0.3535533905932738,-0.2262499558606612,0.6440611887195306,0.0,0.0,2.8284271247461903,2.8284271247461903,4.0,1,1,2,1,1,2,1,1,1,1,1,1,1,1,1,1,1,1,1,1,1,1,1,1,1,1,1,1,1,1,1,1,1,1,1,1,1,1,1,1,1,1,1,1,2,1,1,1,1,1,2,1,1,1,1,1,2,1,1,1,1,1,0,1,1,1,1,1
3.0,0.0,0.0,2.0,0.0,0.0,4.0,0.0,0.0,2.0,0.0,0.0,5.0,0.0,0.0,2.0,0.0,0.0,6.0,1.0,0.0,2.0,0.0,0.0,7.0,1.0,0.0,2.0,0.0,0.0,1.0,0.0,0.0,2.0,661.734,2.0,2.0,0.0,0.0,2.0,0.0,0.0,3.0,0.0,0.0,2.0,3600.0,1.0,3.875,0.25,0.0,2.0,532.71675,0.375,2.03100960115899,0.4629100498862757,0.0,0.0,1260.8157677195406,0.7440238091428449,0.2238027108715141,1.4401645996461911,0.0,0.0,2.6565054998346875,1.9510301759000723,1.0,1,1,1,1,1,1,1,1,1,1,1,1,1,1,1,1,1,1,1,1,1,1,1,1,1,1,2,1,1,1,1,1,1,1,1,2,1,1,1,1,1,1,1,1,1,1,1,2,1,1,1,1,1,1,1,1,1,1,1,1,1,1,1,1,1,1,1,1
4.0,0.0,0.0,2.0,0.0,0.0,5.0,0.0,0.0,2.0,0.0,0.0,6.0,1.0,0.0,2.0,0.0,0.0,7.0,1.0,0.0,2.0,0.0,0.0,1.0,0.0,0.0,2.0,0.0,0.0,2.0,0.0,0.0,2.0,0.0,0.0,3.0,0.0,0.0,2.0,0.0,0.0,4.0,0.0,0.0,2.0,0.0,0.0,4.0,0.25,0.0,2.0,0.0,0.0,2.0,0.4629100498862757,0.0,0.0,0.0,0.0,0.0,1.4401645996461911,0.0,0.0,0.0,0.0,-4.0,1,1,1,1,1,1,1,1,1,1,1,1,1,1,1,1,1,1,1,1,1,1,1,1,1,1,1,1,1,1,1,1,1,1,1,1,1,1,1,1,1,1,1,1,1,1,1,1,1,1,1,1,1,1,1,1,1,1,1,1,1,1,1,1,1,1,1,1
4.0,0.0,0.0,2.0,0.0,0.0,5.0,0.0,0.0,2.0,0.0,0.0,6.0,1.0,0.0,2.0,0.0,0.0,7.0,1.0,0.0,2.0,0.0,0.0,1.0,0.0,0.0,2.0,0.0,0.0,2.0,0.0,0.0,2.0,0.0,0.0,3.0,0.0,0.0,2.0,0.0,0.0,4.0,0.0,0.0,2.0,0.0,0.0,4.0,0.25,0.0,2.0,0.0,0.0,2.0,0.4629100498862757,0.0,0.0,0.0,0.0,0.0,1.4401645996461911,0.0,0.0,0.0,0.0,9.0,1,1,1,1,1,1,1,1,1,1,1,1,1,1,1,1,1,1,1,1,1,1,1,1,1,1,1,1,1,1,1,1,1,1,1,1,1,1,1,1,1,1,1,1,1,1,1,1,1,1,1,1,1,1,1,1,1,1,1,1,1,1,1,1,1,1,1,1
4.0,0.0,0.0,2.0,0.0,0.0,5.0,0.0,0.0,2.0,0.0,0.0,6.0,1.0,0.0,2.0,0.0,0.0,7.0,1.0,0.0,2.0,0.0,0.0,1.0,0.0,0.0,2.0,0.0,0.0,2.0,0.0,0.0,2.0,0.0,0.0,3.0,0.0,0.0,2.0,0.0,0.0,4.0,0.0,0.0,2.0,0.0,0.0,4.0,0.25,0.0,2.0,0.0,0.0,2.0,0.4629100498862757,0.0,0.0,0.0,0.0,0.0,1.4401645996461911,0.0,0.0,0.0,0.0,0.0,1,1,1,1,1,1,1,1,1,1,1,1,1,1,1,1,1,1,1,1,1,1,1,1,1,1,1,1,1,1,1,1,1,1,1,1,1,1,1,1,1,1,1,1,1,1,1,1,1,1,1,1,1,1,1,1,1,1,1,1,1,1,1,1,1,1,1,1
1.0,0.0,0.0,2.0,0.0,0.0,2.0,0.0,0.0,2.0,0.0,0.0,3.0,0.0,0.0,2.0,0.0,0.0,4.0,0.0,0.0,2.0,0.0,0.0,5.0,0.0,0.0,2.0,0.0,0.0,6.0,1.0,0.0,2.0,1444.49,1.0,7.0,1.0,0.0,2.0,0.0,0.0,1.0,0.0,1.0,2.0,0.0,0.0,3.625,0.25,0.125,2.0,180.56125,0.125,2.2638462845343543,0.4629100498862757,0.3535533905932738,0.0,510.7043371780781,0.3535533905932738,0.2262499558606612,1.4401645996461911,2.8284271247461903,0.0,2.8284271247461894,2.8284271247461903,0.0,1,1,1,1,1,1,1,1,1,1,1,1,1,1,1,1,1,1,1,1,1,1,1,1,1,1,1,1,1,1,1,1,1,1,1,2,1,1,1,1,1,1,1,1,1,2,1,1,1,1,1,2,1,1,1,1,1,2,1,1,1,1,1,2,1,1,1,1
4.0,0.0,0.0,2.0,0.0,0.0,5.0,0.0,0.0,2.0,0.0,0.0,6.0,1.0,0.0,2.0,1444.49,1.0,7.0,1.0,0.0,2.0,0.0,0.0,1.0,0.0,1.0,2.0,0.0,0.0,2.0,0.0,1.0,2.0,0.0,0.0,3.0,0.0,1.0,2.0,0.0,0.0,4.0,0.0,1.0,2.0,0.0,0.0,4.0,0.25,0.5,2.0,180.56125,0.125,2.0,0.4629100498862757,0.5345224838248488,0.0,510.7043371780781,0.3535533905932738,0.0,1.4401645996461911,0.0,0.0,2.8284271247461894,2.8284271247461903,0.0,1,1,1,1,1,1,1,1,1,1,1,1,1,1,1,1,1,2,1,1,1,1,1,1,1,1,1,2,1,1,1,1,1,2,1,1,1,1,1,2,1,1,1,1,1,2,1,1,1,1,1,2,1,1,1,1,1,2,1,1,1,1,1,1,1,1,1,1
4.0,0.0,1.0,2.0,0.0,0.0,5.0,0.0,1.0,2.0,0.0,0.0,6.0,1.0,1.0,2.0,2804.531,2.0,7.0,1.0,1.0,2.0,0.0,0.0,1.0,0.0,1.0,2.0,0.0,0.0,2.0,0.0,1.0,2.0,0.0,0.0,3.0,0.0,0.0,2.0,1033.052,1.0,4.0,0.0,0.0,2.0,0.0,0.0,4.0,0.25,0.75,2.0,479.697875,0.375,2.0,0.4629100498862757,0.4629100498862757,0.0,1006.5294087271848,0.7440238091428449,0.0,1.4401645996461911,-1.4401645996461911,0.0,2.2550639211483943,1.9510301759000723,2.0,1,1,1,2,1,1,1,1,1,2,1,1,1,1,1,2,1,2,1,1,1,2,1,1,1,1,1,2,1,1,1,1,1,2,1,1,1,1,1,1,1,2,1,1,1,1,1,1,1,1,1,2,1,1,1,1,1,2,1,1,1,1,1,0,1,1,1,1
1.0,0.0,0.0,3.0,0.0,0.0,2.0,0.0,0.0,3.0,0.0,0.0,3.0,0.0,0.0,3.0,0.0,0.0,4.0,0.0,0.0,3.0,0.0,0.0,5.0,0.0,0.0,3.0,0.0,0.0,6.0,1.0,0.0,3.0,0.0,0.0,7.0,1.0,0.0,3.0,0.0,0.0,1.0,0.0,0.0,3.0,0.0,0.0,3.625,0.25,0.0,3.0,0.0,0.0,2.2638462845343543,0.4629100498862757,0.0,0.0,0.0,0.0,0.2262499558606612,1.4401645996461911,0.0,0.0,0.0,0.0,0.0,1,1,1,1,1,1,1,1,1,1,1,1,1,1,1,1,1,1,1,1,1,1,1,1,1,1,1,1,1,1,1,1,1,1,1,1,1,1,1,1,1,1,1,1,1,1,1,1,1,1,1,1,1,1,1,1,1,1,1,1,1,1,1,1,1,1,1,1
5.0,0.0,0.0,3.0,0.0,0.0,6.0,1.0,0.0,3.0,0.0,0.0,7.0,1.0,0.0,3.0,0.0,0.0,1.0,0.0,0.0,3.0,0.0,0.0,2.0,0.0,0.0,3.0,0.0,0.0,3.0,0.0,0.0,3.0,0.0,0.0,4.0,0.0,0.0,3.0,0.0,0.0,5.0,0.0,0.0,3.0,0.0,0.0,4.125,0.25,0.0,3.0,0.0,0.0,2.03100960115899,0.4629100498862757,0.0,0.0,0.0,0.0,-0.2238027108715141,1.4401645996461911,0.0,0.0,0.0,0.0,7.0,1,1,1,1,1,1,1,1,2,1,1,1,1,1,1,1,1,1,1,1,1,1,1,1,1,1,1,1,1,1,1,1,1,1,1,1,1,1,1,1,1,1,1,1,1,1,1,1,1,1,1,1,1,1,1,1,1,1,1,1,1,1,1,1,1,1,1,1
7.0,1.0,0.0,3.0,5.397,1.0,1.0,0.0,0.0,3.0,0.0,0.0,2.0,0.0,0.0,3.0,0.0,0.0,3.0,0.0,0.0,3.0,0.0,0.0,4.0,0.0,0.0,3.0,0.0,0.0,5.0,0.0,0.0,3.0,0.0,0.0,6.0,1.0,0.0,3.0,0.0,0.0,7.0,1.0,0.0,3.0,3600.0,1.0,4.375,0.375,0.0,3.0,450.674625,0.25,2.2638462845343543,0.5175491695067657,0.0,0.0,1272.5210178818757,0.4629100498862757,-0.2262499558606612,0.6440611887195306,0.0,0.0,2.8284146740237035,1.4401645996461911,0.0,1,1,2,1,1,1,1,1,1,1,1,1,1,1,1,1,1,1,1,1,1,1,1,1,1,1,1,1,1,1,1,1,1,1,1,1,1,1,1,1,1,1,1,1,2,1,1,2,1,1,2,1,1,1,1,1,2,1,1,1,1,1,0,1,1,1,1,1
3.0,0.0,0.0,3.0,0.0,0.0,4.0,0.0,0.0,3.0,0.0,0.0,5.0,0.0,0.0,3.0,0.0,0.0,6.0,1.0,0.0,3.0,0.0,0.0,7.0,1.0,0.0,3.0,3600.0,1.0,1.0,0.0,0.0,3.0,0.0,0.0,2.0,0.0,0.0,3.0,0.0,0.0,3.0,0.0,0.0,3.0,0.0,0.0,3.875,0.25,0.0,3.0,450.0,0.125,2.03100960115899,0.4629100498862757,0.0,0.0,1272.7922061357856,0.3535533905932738,0.2238027108715141,1.4401645996461911,0.0,0.0,2.82842712474619,2.8284271247461903,7.0,1,1,1,1,1,1,1,1,1,1,1,1,1,1,1,1,1,1,1,1,1,1,1,1,1,1,2,1,1,2,1,1,1,1,1,1,1,1,1,1,1,1,1,1,1,1,1,1,1,1,1,1,1,1,1,1,1,1,1,1,1,1,1,1,1,1,1,1
1.0,0.0,0.0,3.0,0.0,0.0,2.0,0.0,0.0,3.0,0.0,0.0,3.0,0.0,0.0,3.0,0.0,0.0,4.0,0.0,0.0,3.0,0.0,0.0,5.0,0.0,0.0,3.0,3600.0,1.0,6.0,1.0,0.0,3.0,0.0,0.0,7.0,1.0,0.0,3.0,0.0,0.0,1.0,0.0,0.0,3.0,0.0,0.0,3.625,0.25,0.0,3.0,450.0,0.125,2.2638462845343543,0.4629100498862757,0.0,0.0,1272.7922061357856,0.3535533905932738,0.2262499558606612,1.4401645996461911,0.0,0.0,2.82842712474619,2.8284271247461903,11.0,1,1,1,1,1,1,1,1,1,1,1,1,1,1,1,1,1,1,1,1,1,1,1,1,1,1,1,1,1,2,1,1,1,1,1,1,1,1,1,1,1,1,1,1,1,1,1,1,1,1,1,1,1,1,1,1,1,1,1,1,1,1,1,1,1,1,1,1
4.0,0.0,0.0,3.0,0.0,0.0,5.0,0.0,0.0,3.0,3600.0,1.0,6.0,1.0,0.0,3.0,0.0,0.0,7.0,1.0,0.0,3.0,0.0,0.0,1.0,0.0,0.0,3.0,0.0,0.0,2.0,0.0,0.0,3.0,0.0,0.0,3.0,0.0,0.0,3.0,0.0,0.0,4.0,0.0,0.0,3.0,0.0,0.0,4.0,0.25,0.0,3.0,450.0,0.125,2.0,0.4629100498862757,0.0,0.0,1272.7922061357856,0.3535533905932738,0.0,1.4401645996461911,0.0,0.0,2.82842712474619,2.8284271247461903,-7.0,1,1,1,1,1,1,1,1,1,1,1,2,1,1,1,1,1,1,1,1,1,1,1,1,1,1,1,1,1,1,1,1,1,1,1,1,1,1,1,1,1,1,1,1,1,1,1,1,1,1,1,1,1,1,1,1,1,1,1,1,1,1,1,1,1,1,1,1
4.0,0.0,0.0,3.0,0.0,0.0,5.0,0.0,0.0,3.0,0.0,0.0,6.0,1.0,0.0,3.0,481.253,1.0,7.0,1.0,0.0,3.0,0.0,0.0,1.0,0.0,0.0,3.0,0.0,0.0,2.0,0.0,0.0,3.0,0.0,0.0,3.0,0.0,0.0,3.0,0.0,0.0,4.0,0.0,0.0,3.0,0.0,0.0,4.0,0.25,0.0,3.0,60.156625,0.125,2.0,0.4629100498862757,0.0,0.0,170.14862988318475,0.3535533905932738,0.0,1.4401645996461911,0.0,0.0,2.8284271247461907,2.8284271247461903,-2.0,1,1,1,1,1,1,1,1,1,1,1,1,1,1,1,1,1,2,1,1,1,1,1,1,1,1,1,1,1,1,1,1,1,1,1,1,1,1,1,1,1,1,1,1,1,1,1,1,1,1,1,1,1,1,1,1,1,1,1,1,1,1,1,1,1,1,1,1
2.0,0.0,0.0,3.0,0.0,0.0,3.0,0.0,0.0,3.0,0.0,0.0,4.0,0.0,0.0,3.0,0.0,0.0,5.0,0.0,0.0,3.0,0.0,0.0,6.0,1.0,0.0,3.0,0.0,0.0,7.0,1.0,0.0,3.0,0.0,0.0,1.0,0.0,0.0,3.0,102.398,12.0,2.0,0.0,0.0,3.0,16.635,2.0,3.75,0.25,0.0,3.0,14.879125,1.75,2.1213203435596424,0.4629100498862757,0.0,0.0,35.83885908355223,4.200340122282616,0.3142696805273544,1.4401645996461911,0.0,0.0,2.6920920786369726,2.6853425909211945,2.0,1,1,1,1,1,1,1,1,1,1,1,1,1,1,1,1,1,1,1,1,1,1,1,1,1,1,2,1,1,1,1,1,1,1,1,1,1,1,1,1,1,2,2,1,1,1,1,1,1,1,1,1,1,1,1,1,1,1,1,1,2,1,1,1,1,1,1,1
5.0,0.0,0.0,3.0,0.0,0.0,6.0,1.0,0.0,3.0,0.0,0.0,7.0,1.0,0.0,3.0,0.0,0.0,1.0,0.0,0.0,3.0,102.398,12.0,2.0,0.0,0.0,3.0,16.635,2.0,3.0,0.0,0.0,3.0,14.72,1.0,4.0,0.0,0.0,3.0,5.522,1.0,5.0,0.0,1.0,3.0,857.318,3.0,4.125,0.25,0.125,3.0,124.574125,2.375,2.03100960115899,0.4629100498862757,0.3535533905932738,0.0,298.0540930485306,4.033343171967536,-0.2238027108715141,1.4401645996461911,2.8284271247461903,0.0,2.757644584124817,2.457288233437777,-1.0,1,1,1,1,1,1,1,1,2,1,1,1,1,1,1,1,1,1,1,1,1,1,1,1,2,1,1,1,1,1,1,1,1,1,1,1,1,1,1,1,1,1,1,1,1,2,1,2,2,1,1,2,1,1,1,1,1,2,1,1,2,1,1,2,1,1,1,1
3.0,0.0,0.0,3.0,14.72,1.0,4.0,0.0,0.0,3.0,5.522,1.0,5.0,0.0,1.0,3.0,857.318,3.0,6.0,1.0,1.0,3.0,11.322,1.0,7.0,1.0,1.0,3.0,915.698,1.0,1.0,0.0,1.0,3.0,15.581,2.0,2.0,0.0,1.0,3.0,313.828,1.0,3.0,0.0,1.0,3.0,30.417,5.0,3.875,0.25,0.75,3.0,270.55075,1.875,2.03100960115899,0.4629100498862757,0.4629100498862757,0.0,394.2346377703621,1.4577379737113252,0.2238027108715141,1.4401645996461911,-1.4401645996461911,0.0,1.2043663885835234,1.7582207888559729,0.0,1,1,1,1,1,1,1,1,1,1,1,1,1,1,1,2,1,2,2,1,1,2,1,1,1,1,2,2,1,2,1,1,1,2,1,1,1,1,1,2,1,2,1,1,1,2,1,1,2,1,1,2,1,1,1,1,1,2,1,1,1,1,1,0,1,1,1,1
7.0,1.0,1.0,3.0,915.698,1.0,1.0,0.0,1.0,3.0,15.581,2.0,2.0,0.0,1.0,3.0,313.828,1.0,3.0,0.0,1.0,3.0,30.417,5.0,4.0,0.0,1.0,3.0,12.64,1.0,5.0,0.0,1.0,3.0,9.201,1.0,6.0,1.0,1.0,3.0,13.47,1.0,7.0,1.0,1.0,3.0,12.276,1.0,4.375,0.375,1.0,3.0,165.38887499999998,1.625,2.2638462845343543,0.5175491695067657,0.0,0.0,320.69289526739146,1.407885953173359,-0.2262499558606612,0.6440611887195306,0.0,0.0,2.3411631093462355,2.5275900725748475,-8.0,1,1,2,2,1,1,1,1,1,2,1,1,1,1,1,2,1,2,1,1,1,2,1,1,2,1,1,2,1,1,1,1,1,2,1,1,1,1,1,2,1,1,1,1,2,2,1,1,1,1,2,2,1,1,1,1,2,1,1,1,1,1,0,1,1,1,1,1
3.0,0.0,1.0,3.0,30.417,5.0,4.0,0.0,1.0,3.0,12.64,1.0,5.0,0.0,1.0,3.0,9.201,1.0,6.0,1.0,1.0,3.0,13.47,1.0,7.0,1.0,1.0,3.0,12.276,1.0,1.0,0.0,1.0,4.0,18.708,2.0,2.0,0.0,1.0,4.0,12.934,1.0,3.0,0.0,1.0,4.0,305.822,1.0,3.875,0.25,1.0,3.375,51.9335,1.625,2.03100960115899,0.4629100498862757,0.0,0.5175491695067657,102.79621233433514,1.407885953173359,0.2238027108715141,1.4401645996461911,0.0,0.6440611887195306,2.805896881889488,2.5275900725748475,10.0,1,1,1,2,1,1,2,1,1,2,1,1,1,1,1,2,1,1,1,1,1,2,1,1,1,1,2,2,1,1,1,1,1,2,1,1,1,1,1,2,1,1,1,1,1,2,1,2,1,1,1,2,1,1,1,1,1,1,2,1,1,1,1,1,2,1,1,1
7.0,1.0,1.0,3.0,12.276,1.0,1.0,0.0,1.0,4.0,18.708,2.0,2.0,0.0,1.0,4.0,12.934,1.0,3.0,0.0,1.0,4.0,305.822,1.0,4.0,0.0,1.0,4.0,18.217,1.0,5.0,0.0,1.0,4.0,8.06,1.0,6.0,1.0,1.0,4.0,9.208,1.0,7.0,1.0,1.0,4.0,11.862,1.0,4.375,0.375,1.0,3.875,49.635875,1.125,2.2638462845343543,0.5175491695067657,0.0,0.3535533905932738,103.58407887927498,0.3535533905932738,-0.2262499558606612,0.6440611887195306,0.0,-2.8284271247461903,2.820892817897874,2.8284271247461903,2.0,1,1,2,2,1,1,1,1,1,2,1,1,1,1,1,2,1,1,1,1,1,2,1,1,1,1,1,2,1,1,1,1,1,2,1,1,1,1,1,2,1,1,1,1,2,2,1,1,1,1,2,2,1,1,1,1,2,1,2,1,1,1,0,1,0,1,1,1
3.0,0.0,1.0,4.0,305.822,1.0,4.0,0.0,1.0,4.0,18.217,1.0,5.0,0.0,1.0,4.0,8.06,1.0,6.0,1.0,1.0,4.0,9.208,1.0,7.0,1.0,1.0,4.0,11.862,1.0,1.0,0.0,1.0,4.0,26.665,2.0,2.0,0.0,1.0,4.0,18.821,1.0,3.0,0.0,1.0,4.0,13.313,1.0,3.875,0.25,1.0,4.0,51.496,1.125,2.03100960115899,0.4629100498862757,0.0,0.0,102.94047988175356,0.3535533905932738,0.2238027108715141,1.4401645996461911,0.0,0.0,2.809155595322484,2.8284271247461903,-7.0,1,1,1,2,1,1,1,1,1,2,1,1,1,1,1,2,1,1,1,1,1,2,1,1,1,1,2,2,1,1,1,1,1,2,1,1,1,1,1,2,1,1,1,1,1,2,1,1,1,1,1,2,1,1,1,1,1,1,1,1,1,1,1,1,1,1,1,1
5.0,0.0,0.0,4.0,3600.0,1.0,6.0,1.0,0.0,4.0,10.479,1.0,7.0,1.0,0.0,4.0,11.676,2.0,1.0,0.0,0.0,4.0,3600.0,1.0,2.0,0.0,0.0,4.0,19.852,2.0,3.0,0.0,0.0,4.0,2145.151,1.0,4.0,0.0,0.0,4.0,705.371,2.0,5.0,0.0,0.0,4.0,13.73,1.0,4.125,0.25,0.0,4.0,1263.282375,1.375,2.03100960115899,0.4629100498862757,0.0,0.0,1614.7972425477128,0.5175491695067657,-0.2238027108715141,1.4401645996461911,0.0,0.0,0.8246482855651859,0.6440611887195306,0.0,1,1,1,1,1,2,1,1,2,1,1,1,1,1,1,1,1,1,1,1,1,1,1,2,1,1,1,1,1,1,1,1,1,1,1,2,1,1,1,1,1,2,1,1,1,1,1,1,1,1,1,1,1,1,1,1,1,1,1,1,1,1,1,1,1,1,1,1
1.0,0.0,0.0,4.0,3600.0,1.0,2.0,0.0,0.0,4.0,19.852,2.0,3.0,0.0,0.0,4.0,2145.151,1.0,4.0,0.0,0.0,4.0,705.371,2.0,5.0,0.0,0.0,4.0,13.73,1.0,6.0,1.0,0.0,4.0,12.064,1.0,7.0,1.0,0.0,4.0,658.638,2.0,1.0,0.0,0.0,4.0,3600.0,1.0,3.625,0.25,0.0,4.0,1344.35075,1.375,2.2638462845343543,0.4629100498862757,0.0,0.0,1558.1821697176258,0.5175491695067657,0.2262499558606612,1.4401645996461911,0.0,0.0,0.7974794711444844,0.6440611887195306,-4.0,1,1,1,1,1,2,1,1,1,1,1,1,1,1,1,1,1,2,1,1,1,1,1,2,1,1,1,1,1,1,1,1,1,1,1,1,1,1,1,1,1,2,1,1,1,1,1,2,1,1,1,1,1,1,1,1,1,1,1,1,1,1,1,1,1,1,1,1
1.0,0.0,0.0,4.0,3600.0,1.0,2.0,0.0,0.0,4.0,9.355,1.0,3.0,0.0,0.0,4.0,0.0,0.0,4.0,0.0,0.0,4.0,611.368,1.0,5.0,0.0,0.0,4.0,0.0,0.0,6.0,1.0,0.0,4.0,1115.141,1.0,7.0,1.0,0.0,4.0,0.0,0.0,1.0,0.0,0.0,4.0,1.848,1.0,3.625,0.25,0.0,4.0,667.2139999999999,0.625,2.2638462845343543,0.4629100498862757,0.0,0.0,1254.4779812487743,0.5175491695067657,0.2262499558606612,1.4401645996461911,0.0,0.0,2.3006337250230597,-0.6440611887195306,2.0,1,1,1,1,1,2,1,1,1,1,1,1,1,1,1,1,1,1,1,1,1,1,1,2,1,1,1,1,1,1,1,1,1,1,1,2,1,1,1,1,1,1,1,1,1,1,1,1,1,1,1,1,1,1,1,1,1,1,1,1,1,1,1,1,1,1,1,1
5.0,0.0,0.0,4.0,16.638,1.0,6.0,1.0,0.0,4.0,19.2,1.0,7.0,1.0,0.0,4.0,0.0,0.0,1.0,0.0,0.0,4.0,7.552,1.0,2.0,0.0,0.0,4.0,13.111,1.0,3.0,0.0,0.0,4.0,310.096,1.0,4.0,0.0,0.0,4.0,3600.0,1.0,5.0,0.0,0.0,4.0,0.0,0.0,4.125,0.25,0.0,4.0,495.824625,0.75,2.03100960115899,0.4629100498862757,0.0,0.0,1258.701000080972,0.4629100498862757,-0.2238027108715141,1.4401645996461911,0.0,0.0,2.790398334743992,-1.4401645996461911,0.0,1,1,1,1,1,1,1,1,2,1,1,1,1,1,1,1,1,1,1,1,1,1,1,1,1,1,1,1,1,1,1,1,1,1,1,2,1,1,1,1,1,2,1,1,1,1,1,1,1,1,1,1,1,1,1,1,1,1,1,1,1,1,1,1,1,1,1,1
3.0,0.0,0.0,4.0,310.096,1.0,4.0,0.0,0.0,4.0,3600.0,1.0,5.0,0.0,0.0,4.0,0.0,0.0,6.0,1.0,0.0,4.0,3600.0,1.0,7.0,1.0,0.0,4.0,8.321,1.0,1.0,0.0,0.0,4.0,3600.0,1.0,2.0,0.0,0.0,4.0,3600.0,1.0,3.0,0.0,0.0,4.0,42.282,1.0,3.875,0.25,0.0,4.0,1845.087375,0.875,2.03100960115899,0.4629100498862757,0.0,0.0,1878.5722984948616,0.3535533905932738,0.2238027108715141,1.4401645996461911,0.0,0.0,-0.0096407034085404,-2.8284271247461903,-11.0,1,1,1,1,1,1,1,1,1,1,1,2,1,1,1,1,1,1,1,1,1,1,1,2,1,1,2,1,1,1,1,1,1,1,1,2,1,1,1,1,1,2,1,1,1,1,1,1,1,1,1,1,1,1,1,1,1,1,1,1,1,1,1,1,1,1,0,1
4.0,0.0,0.0,4.0,3600.0,1.0,5.0,0.0,0.0,4.0,3600.0,1.0,6.0,1.0,0.0,4.0,0.0,0.0,7.0,1.0,0.0,4.0,2131.13,1.0,1.0,0.0,0.0,4.0,0.0,0.0,2.0,0.0,0.0,4.0,3215.748,2.0,3.0,0.0,0.0,4.0,521.325,5.0,4.0,0.0,0.0,4.0,3600.0,1.0,4.0,0.25,0.0,4.0,2083.525375,1.375,2.0,0.4629100498862757,0.0,0.0,1660.718696652484,1.5979898086569353,0.0,1.4401645996461911,0.0,0.0,-0.4153731676508228,1.982385714020692,-2.0,1,1,1,1,1,2,1,1,1,1,1,2,1,1,1,1,1,1,1,1,1,1,1,2,1,1,1,1,1,1,1,1,1,1,1,2,1,1,1,1,1,2,2,1,1,1,1,2,1,1,1,1,1,2,1,1,1,1,1,1,1,1,1,1,1,1,1,1
7.0,1.0,0.0,4.0,2131.13,1.0,1.0,0.0,0.0,4.0,0.0,0.0,2.0,0.0,0.0,4.0,3215.748,2.0,3.0,0.0,0.0,4.0,521.325,5.0,4.0,0.0,0.0,4.0,3600.0,1.0,5.0,0.0,0.0,4.0,18.453,1.0,6.0,1.0,0.0,4.0,15.859,1.0,7.0,1.0,0.0,1.0,7.442,1.0,4.375,0.375,0.0,3.625,1188.744625,1.5,2.2638462845343543,0.5175491695067657,0.0,1.0606601717798212,1549.666653959207,1.5118578920369088,-0.2262499558606612,0.6440611887195306,0.0,-2.8284271247461903,0.836476235804971,2.14967294023998,-8.0,1,1,2,1,1,2,1,1,1,1,1,1,1,1,1,1,1,2,1,1,1,1,1,2,2,1,1,1,1,2,1,1,1,1,1,1,1,1,1,1,1,1,1,1,2,1,1,1,1,1,2,1,1,1,1,1,2,1,2,1,1,1,0,1,0,1,1,1
3.0,0.0,0.0,4.0,521.325,5.0,4.0,0.0,0.0,4.0,3600.0,1.0,5.0,0.0,0.0,4.0,18.453,1.0,6.0,1.0,0.0,4.0,15.859,1.0,7.0,1.0,0.0,1.0,7.442,1.0,1.0,0.0,0.0,1.0,15.615,1.0,2.0,0.0,0.0,1.0,15.927,1.0,3.0,0.0,0.0,1.0,6.596,1.0,3.875,0.25,0.0,2.5,525.152125,1.5,2.03100960115899,0.4629100498862757,0.0,1.6035674514745464,1255.086230942655,1.4142135623730951,0.2238027108715141,1.4401645996461911,0.0,0.0,2.723326891509533,2.8284271247461903,10.0,1,1,1,1,1,1,2,1,1,1,1,2,1,1,1,1,1,1,1,1,1,1,1,1,1,1,2,1,1,1,1,1,1,1,1,1,1,1,1,1,1,1,1,1,1,1,1,1,1,1,1,1,1,1,1,1,1,1,2,1,1,1,1,1,1,1,1,1
1.0,0.0,0.0,1.0,15.615,1.0,2.0,0.0,0.0,1.0,15.927,1.0,3.0,0.0,0.0,1.0,6.596,1.0,4.0,0.0,1.0,1.0,0.0,0.0,5.0,0.0,1.0,1.0,2208.097,2.0,6.0,1.0,1.0,1.0,0.0,0.0,7.0,1.0,1.0,1.0,0.0,0.0,1.0,0.0,1.0,1.0,0.0,0.0,3.625,0.25,0.625,1.0,280.779375,0.625,2.2638462845343543,0.4629100498862757,0.5175491695067657,0.0,778.7844839212922,0.7440238091428449,0.2262499558606612,1.4401645996461911,-0.6440611887195306,0.0,2.827983775491721,0.8237682964911416,-2.0,1,1,1,1,1,1,1,1,1,1,1,1,1,1,1,1,1,1,1,1,1,2,1,1,1,1,1,2,1,2,1,1,1,2,1,1,1,1,1,2,1,1,1,1,1,2,1,1,1,1,1,2,1,1,1,1,1,2,1,1,1,1,1,0,1,1,1,1
1.0,0.0,1.0,1.0,0.0,0.0,2.0,0.0,1.0,1.0,0.0,0.0,3.0,0.0,1.0,1.0,0.0,0.0,4.0,0.0,0.0,1.0,0.0,0.0,5.0,0.0,0.0,1.0,0.0,0.0,6.0,1.0,0.0,1.0,0.0,0.0,7.0,1.0,0.0,1.0,0.0,0.0,1.0,0.0,0.0,1.0,0.0,0.0,3.625,0.25,0.375,1.0,0.0,0.0,2.2638462845343543,0.4629100498862757,0.5175491695067657,0.0,0.0,0.0,0.2262499558606612,1.4401645996461911,0.6440611887195306,0.0,0.0,0.0,9.0,1,1,1,2,1,1,1,1,1,2,1,1,1,1,1,2,1,1,1,1,1,1,1,1,1,1,1,1,1,1,1,1,1,1,1,1,1,1,1,1,1,1,1,1,1,1,1,1,1,1,1,2,1,1,1,1,1,2,1,1,1,1,1,2,1,1,1,1
1.0,0.0,0.0,1.0,0.0,0.0,2.0,0.0,0.0,1.0,0.0,0.0,3.0,0.0,0.0,1.0,0.0,0.0,4.0,0.0,0.0,1.0,0.0,0.0,5.0,0.0,0.0,1.0,0.0,0.0,6.0,1.0,0.0,1.0,0.0,0.0,7.0,1.0,0.0,1.0,0.0,0.0,1.0,0.0,0.0,1.0,0.0,0.0,3.625,0.25,0.0,1.0,0.0,0.0,2.2638462845343543,0.4629100498862757,0.0,0.0,0.0,0.0,0.2262499558606612,1.4401645996461911,0.0,0.0,0.0,0.0,2.0,1,1,1,1,1,1,1,1,1,1,1,1,1,1,1,1,1,1,1,1,1,1,1,1,1,1,1,1,1,1,1,1,1,1,1,1,1,1,1,1,1,1,1,1,1,1,1,1,1,1,1,1,1,1,1,1,1,1,1,1,1,1,1,1,1,1,1,1
4.0,0.0,0.0,1.0,0.0,0.0,5.0,0.0,0.0,1.0,0.0,0.0,6.0,1.0,0.0,1.0,0.0,0.0,7.0,1.0,0.0,1.0,0.0,0.0,1.0,0.0,0.0,1.0,0.0,0.0,2.0,0.0,0.0,1.0,0.0,0.0,3.0,0.0,0.0,1.0,0.0,0.0,4.0,0.0,0.0,1.0,0.0,0.0,4.0,0.25,0.0,1.0,0.0,0.0,2.0,0.4629100498862757,0.0,0.0,0.0,0.0,0.0,1.4401645996461911,0.0,0.0,0.0,0.0,-9.0,1,1,1,1,1,1,1,1,1,1,1,1,1,1,1,1,1,1,1,1,1,1,1,1,1,1,1,1,1,1,1,1,1,1,1,1,1,1,1,1,1,1,1,1,1,1,1,1,1,1,1,1,1,1,1,1,1,1,1,1,1,1,1,1,1,1,1,1
7.0,1.0,0.0,1.0,0.0,0.0,1.0,0.0,0.0,1.0,0.0,0.0,2.0,0.0,0.0,1.0,0.0,0.0,3.0,0.0,0.0,1.0,0.0,0.0,4.0,0.0,0.0,1.0,0.0,0.0,5.0,0.0,0.0,1.0,0.0,0.0,6.0,1.0,0.0,1.0,5.645,1.0,7.0,1.0,0.0,1.0,0.0,0.0,4.375,0.375,0.0,1.0,0.705625,0.125,2.2638462845343543,0.5175491695067657,0.0,0.0,1.9958088898990305,0.3535533905932738,-0.2262499558606612,0.6440611887195306,0.0,0.0,2.82842712474619,2.8284271247461903,7.0,1,1,2,1,1,1,1,1,1,1,1,1,1,1,1,1,1,1,1,1,1,1,1,1,1,1,1,1,1,1,1,1,1,1,1,1,1,1,1,1,1,1,1,1,2,1,1,1,1,1,2,1,1,1,1,1,2,1,1,1,1,1,0,1,1,1,1,1
3.0,0.0,0.0,1.0,0.0,0.0,4.0,0.0,0.0,1.0,0.0,0.0,5.0,0.0,0.0,1.0,0.0,0.0,6.0,1.0,0.0,1.0,5.645,1.0,7.0,1.0,0.0,1.0,0.0,0.0,1.0,0.0,0.0,1.0,0.0,0.0,2.0,0.0,0.0,1.0,0.0,0.0,3.0,0.0,0.0,1.0,0.0,0.0,3.875,0.25,0.0,1.0,0.705625,0.125,2.03100960115899,0.4629100498862757,0.0,0.0,1.9958088898990305,0.3535533905932738,0.2238027108715141,1.4401645996461911,0.0,0.0,2.82842712474619,2.8284271247461903,-2.0,1,1,1,1,1,1,1,1,1,1,1,1,1,1,1,1,1,1,1,1,1,1,1,1,1,1,2,1,1,1,1,1,1,1,1,1,1,1,1,1,1,1,1,1,1,1,1,1,1,1,1,1,1,1,1,1,1,1,1,1,1,1,1,1,1,1,1,1
4.0,0.0,0.0,1.0,0.0,0.0,5.0,0.0,0.0,1.0,0.0,0.0,6.0,1.0,0.0,1.0,0.0,0.0,7.0,1.0,0.0,1.0,0.0,0.0,1.0,0.0,0.0,1.0,2.367,1.0,2.0,0.0,0.0,1.0,0.0,0.0,3.0,0.0,0.0,1.0,0.0,0.0,4.0,0.0,0.0,1.0,0.0,0.0,4.0,0.25,0.0,1.0,0.295875,0.125,2.0,0.4629100498862757,0.0,0.0,0.8368608755342789,0.3535533905932738,0.0,1.4401645996461911,0.0,0.0,2.8284271247461907,2.8284271247461903,1.0,1,1,1,1,1,1,1,1,1,1,1,1,1,1,1,1,1,1,1,1,1,1,1,1,1,1,1,1,1,1,1,1,1,1,1,1,1,1,1,1,1,1,1,1,1,1,1,1,1,1,1,1,1,1,1,1,1,1,1,1,1,1,1,1,1,1,1,1
6.0,1.0,0.0,1.0,0.0,0.0,7.0,1.0,0.0,1.0,0.0,0.0,1.0,0.0,0.0,1.0,2.367,1.0,2.0,0.0,0.0,1.0,0.0,0.0,3.0,0.0,0.0,1.0,0.0,0.0,4.0,0.0,0.0,1.0,0.0,0.0,5.0,0.0,0.0,1.0,0.0,0.0,6.0,1.0,0.0,1.0,0.0,0.0,4.25,0.375,0.0,1.0,0.295875,0.125,2.1213203435596424,0.5175491695067657,0.0,0.0,0.8368608755342789,0.3535533905932738,-0.3142696805273544,0.6440611887195306,0.0,0.0,2.8284271247461907,2.8284271247461903,-2.0,1,1,2,1,1,1,1,1,2,1,1,1,1,1,1,1,1,1,1,1,1,1,1,1,1,1,1,1,1,1,1,1,1,1,1,1,1,1,1,1,1,1,1,1,2,1,1,1,1,1,2,1,1,1,1,1,2,1,1,1,1,1,0,1,1,1,1,1
2.0,0.0,0.0,1.0,0.0,0.0,3.0,0.0,0.0,1.0,0.0,0.0,4.0,0.0,0.0,1.0,0.0,0.0,5.0,0.0,0.0,1.0,0.0,0.0,6.0,1.0,0.0,1.0,0.0,0.0,7.0,1.0,0.0,1.0,0.0,0.0,1.0,0.0,0.0,1.0,0.0,0.0,2.0,0.0,0.0,1.0,0.0,0.0,3.75,0.25,0.0,1.0,0.0,0.0,2.1213203435596424,0.4629100498862757,0.0,0.0,0.0,0.0,0.3142696805273544,1.4401645996461911,0.0,0.0,0.0,0.0,2.0,1,1,1,1,1,1,1,1,1,1,1,1,1,1,1,1,1,1,1,1,1,1,1,1,1,1,2,1,1,1,1,1,1,1,1,1,1,1,1,1,1,1,1,1,1,1,1,1,1,1,1,1,1,1,1,1,1,1,1,1,1,1,1,1,1,1,1,1
5.0,0.0,0.0,1.0,0.0,0.0,6.0,1.0,0.0,1.0,0.0,0.0,7.0,1.0,0.0,1.0,0.0,0.0,1.0,0.0,0.0,1.0,0.0,0.0,2.0,0.0,0.0,1.0,0.0,0.0,3.0,0.0,0.0,1.0,0.0,0.0,4.0,0.0,0.0,1.0,0.0,0.0,5.0,0.0,0.0,1.0,0.0,0.0,4.125,0.25,0.0,1.0,0.0,0.0,2.03100960115899,0.4629100498862757,0.0,0.0,0.0,0.0,-0.2238027108715141,1.4401645996461911,0.0,0.0,0.0,0.0,0.0,1,1,1,1,1,1,1,1,2,1,1,1,1,1,1,1,1,1,1,1,1,1,1,1,1,1,1,1,1,1,1,1,1,1,1,1,1,1,1,1,1,1,1,1,1,1,1,1,1,1,1,1,1,1,1,1,1,1,1,1,1,1,1,1,1,1,1,1
1.0,0.0,0.0,1.0,0.0,0.0,2.0,0.0,0.0,1.0,0.0,0.0,3.0,0.0,0.0,1.0,0.0,0.0,4.0,0.0,0.0,1.0,0.0,0.0,5.0,0.0,0.0,1.0,0.0,0.0,6.0,1.0,0.0,1.0,0.0,0.0,7.0,1.0,0.0,1.0,0.0,0.0,1.0,0.0,0.0,1.0,0.0,0.0,3.625,0.25,0.0,1.0,0.0,0.0,2.2638462845343543,0.4629100498862757,0.0,0.0,0.0,0.0,0.2262499558606612,1.4401645996461911,0.0,0.0,0.0,0.0,8.0,1,1,1,1,1,1,1,1,1,1,1,1,1,1,1,1,1,1,1,1,1,1,1,1,1,1,1,1,1,1,1,1,1,1,1,1,1,1,1,1,1,1,1,1,1,1,1,1,1,1,1,1,1,1,1,1,1,1,1,1,1,1,1,1,1,1,1,1
1.0,0.0,0.0,1.0,0.0,0.0,2.0,0.0,0.0,1.0,0.0,0.0,3.0,0.0,0.0,1.0,0.0,0.0,4.0,0.0,0.0,1.0,0.0,0.0,5.0,0.0,0.0,1.0,0.0,0.0,6.0,1.0,0.0,1.0,639.342,1.0,7.0,1.0,0.0,1.0,0.0,0.0,1.0,0.0,0.0,1.0,2413.807,4.0,3.625,0.25,0.0,1.0,381.643625,0.625,2.2638462845343543,0.4629100498862757,0.0,0.0,851.0504076214014,1.407885953173359,0.2262499558606612,1.4401645996461911,0.0,0.0,2.495513577409901,2.5275900725748475,-6.0,1,1,1,1,1,1,1,1,1,1,1,1,1,1,1,1,1,1,1,1,1,1,1,1,1,1,1,1,1,1,1,1,1,1,1,2,1,1,1,1,1,1,1,1,1,1,1,2,2,1,1,1,1,1,1,1,1,1,1,1,1,1,1,1,1,1,1,1
5.0,0.0,0.0,1.0,0.0,0.0,6.0,1.0,0.0,1.0,0.0,0.0,7.0,1.0,0.0,1.0,0.0,0.0,1.0,0.0,0.0,1.0,0.0,0.0,2.0,0.0,0.0,1.0,0.0,0.0,3.0,0.0,0.0,1.0,0.0,0.0,4.0,0.0,0.0,1.0,0.0,0.0,5.0,0.0,0.0,1.0,0.0,0.0,4.125,0.25,0.0,1.0,0.0,0.0,2.03100960115899,0.4629100498862757,0.0,0.0,0.0,0.0,-0.2238027108715141,1.4401645996461911,0.0,0.0,0.0,0.0,-8.0,1,1,1,1,1,1,1,1,2,1,1,1,1,1,1,1,1,1,1,1,1,1,1,1,1,1,1,1,1,1,1,1,1,1,1,1,1,1,1,1,1,1,1,1,1,1,1,1,1,1,1,1,1,1,1,1,1,1,1,1,1,1,1,1,1,1,1,1
1.0,0.0,0.0,1.0,0.0,0.0,2.0,0.0,0.0,1.0,0.0,0.0,3.0,0.0,0.0,1.0,0.0,0.0,4.0,0.0,0.0,1.0,0.0,0.0,5.0,0.0,0.0,1.0,0.0,0.0,6.0,1.0,0.0,1.0,0.0,0.0,7.0,1.0,0.0,1.0,0.0,0.0,1.0,0.0,0.0,2.0,0.0,0.0,3.625,0.25,0.0,1.125,0.0,0.0,2.2638462845343543,0.4629100498862757,0.0,0.3535533905932738,0.0,0.0,0.2262499558606612,1.4401645996461911,0.0,2.8284271247461903,0.0,0.0,0.0,1,1,1,1,1,1,1,1,1,1,1,1,1,1,1,1,1,1,1,1,1,1,1,1,1,1,1,1,1,1,1,1,1,1,1,1,1,1,1,1,1,1,1,1,1,1,1,1,1,1,1,1,1,1,1,1,1,1,2,1,1,1,1,1,2,1,1,1
1.0,0.0,0.0,2.0,0.0,0.0,2.0,0.0,0.0,2.0,0.0,0.0,3.0,0.0,0.0,2.0,0.0,0.0,4.0,0.0,0.0,2.0,0.0,0.0,5.0,0.0,0.0,2.0,57.618,9.0,6.0,1.0,0.0,2.0,0.0,0.0,7.0,1.0,0.0,2.0,0.0,0.0,1.0,0.0,0.0,2.0,3600.0,1.0,3.625,0.25,0.0,2.0,457.20225,1.25,2.2638462845343543,0.4629100498862757,0.0,0.0,1270.042105864633,3.150963571444682,0.2262499558606612,1.4401645996461911,0.0,0.0,2.8270124846450035,2.7626583976125936,-9.0,1,1,1,1,1,1,1,1,1,1,1,1,1,1,1,1,1,1,1,1,1,1,1,1,1,1,1,1,1,2,2,1,1,1,1,1,1,1,1,1,1,1,1,1,1,1,1,2,1,1,1,1,1,1,1,1,1,1,1,1,2,1,1,1,1,1,1,1
7.0,1.0,0.0,2.0,343.131,1.0,1.0,0.0,0.0,2.0,0.0,0.0,2.0,0.0,0.0,2.0,3600.0,1.0,3.0,0.0,0.0,2.0,3306.14,2.0,4.0,0.0,0.0,2.0,5.901,1.0,5.0,0.0,0.0,2.0,2545.744,6.0,6.0,1.0,0.0,2.0,0.0,0.0,7.0,1.0,0.0,2.0,0.0,0.0,4.375,0.375,0.0,2.0,1225.1145,1.375,2.2638462845343543,0.5175491695067657,0.0,0.0,1624.8913639825716,1.995530720671285,-0.2262499558606612,0.6440611887195306,0.0,0.0,0.7412436441455977,2.1865003902740243,-7.0,1,1,2,1,1,1,1,1,1,1,1,1,1,1,1,1,1,2,1,1,1,1,1,2,1,1,1,1,1,1,1,1,1,1,1,2,2,1,1,1,1,1,1,1,2,1,1,1,1,1,2,1,1,1,1,1,2,1,1,1,1,1,0,1,1,1,1,1
5.0,0.0,0.0,2.0,2545.744,6.0,6.0,1.0,0.0,2.0,0.0,0.0,7.0,1.0,0.0,2.0,0.0,0.0,1.0,0.0,0.0,2.0,3320.961,2.0,2.0,0.0,0.0,2.0,0.0,0.0,3.0,0.0,0.0,2.0,0.0,0.0,4.0,0.0,0.0,2.0,0.0,0.0,5.0,0.0,0.0,2.0,1799.47,1.0,4.125,0.25,0.0,2.0,958.271875,1.125,2.03100960115899,0.4629100498862757,0.0,0.0,1383.6497733287483,2.100170061141308,-0.2238027108715141,1.4401645996461911,0.0,0.0,0.9624686909316936,2.249673225847117,2.0,1,1,1,1,1,2,2,1,2,1,1,1,1,1,1,1,1,1,1,1,1,1,1,2,1,1,1,1,1,1,1,1,1,1,1,1,1,1,1,1,1,1,1,1,1,1,1,2,1,1,1,1,1,1,1,1,1,1,1,1,1,1,1,1,1,1,1,1
1.0,0.0,0.0,2.0,3320.961,2.0,2.0,0.0,0.0,2.0,0.0,0.0,3.0,0.0,0.0,2.0,0.0,0.0,4.0,0.0,0.0,2.0,0.0,0.0,5.0,0.0,0.0,2.0,1799.47,1.0,6.0,1.0,0.0,2.0,3470.963,1.0,7.0,1.0,0.0,2.0,0.0,0.0,1.0,0.0,0.0,2.0,2984.966,2.0,3.625,0.25,0.0,2.0,1447.0449999999998,0.75,2.2638462845343543,0.4629100498862757,0.0,0.0,1624.49845256691,0.8864052604279183,0.2262499558606612,1.4401645996461911,0.0,0.0,0.2857780338670668,0.6153557179830177,-8.0,1,1,1,1,1,2,1,1,1,1,1,1,1,1,1,1,1,1,1,1,1,1,1,1,1,1,1,1,1,2,1,1,1,1,1,2,1,1,1,1,1,1,1,1,1,1,1,2,1,1,1,1,1,1,1,1,1,1,1,1,1,1,1,1,1,1,1,1
4.0,0.0,0.0,2.0,0.0,0.0,5.0,0.0,0.0,2.0,1799.47,1.0,6.0,1.0,0.0,2.0,3470.963,1.0,7.0,1.0,0.0,2.0,0.0,0.0,1.0,0.0,0.0,2.0,2984.966,2.0,2.0,0.0,0.0,2.0,0.0,0.0,3.0,0.0,0.0,2.0,0.0,0.0,4.0,0.0,0.0,2.0,0.0,0.0,4.0,0.25,0.0,2.0,1031.924875,0.5,2.0,0.4629100498862757,0.0,0.0,1496.507690222944,0.7559289460184544,0.0,1.4401645996461911,0.0,0.0,0.9614560896549827,1.3228756555322954,0.0,1,1,1,1,1,1,1,1,1,1,1,2,1,1,1,1,1,2,1,1,1,1,1,1,1,1,1,1,1,2,1,1,1,1,1,1,1,1,1,1,1,1,1,1,1,1,1,1,1,1,1,1,1,1,1,1,1,1,1,1,1,1,1,1,1,1,1,1
7.0,1.0,0.0,2.0,0.0,0.0,1.0,0.0,0.0,2.0,2984.966,2.0,2.0,0.0,0.0,2.0,0.0,0.0,3.0,0.0,0.0,2.0,0.0,0.0,4.0,0.0,0.0,2.0,0.0,0.0,5.0,0.0,0.0,2.0,0.0,0.0,6.0,1.0,0.0,2.0,0.0,0.0,7.0,1.0,0.0,2.0,0.0,0.0,4.375,0.375,0.0,2.0,373.12075,0.25,2.2638462845343543,0.5175491695067657,0.0,0.0,1055.344850105642,0.7071067811865476,-0.2262499558606612,0.6440611887195306,0.0,0.0,2.8284271247461894,2.8284271247461903,2.0,1,1,2,1,1,1,1,1,1,1,1,2,1,1,1,1,1,1,1,1,1,1,1,1,1,1,1,1,1,1,1,1,1,1,1,1,1,1,1,1,1,1,1,1,2,1,1,1,1,1,2,1,1,1,1,1,2,1,1,1,1,1,0,1,1,1,1,1
3.0,0.0,0.0,2.0,0.0,0.0,4.0,0.0,0.0,2.0,0.0,0.0,5.0,0.0,0.0,2.0,0.0,0.0,6.0,1.0,0.0,2.0,0.0,0.0,7.0,1.0,0.0,2.0,0.0,0.0,1.0,0.0,0.0,2.0,2171.645,2.0,2.0,0.0,0.0,2.0,0.0,0.0,3.0,0.0,0.0,2.0,935.562,7.0,3.875,0.25,0.0,2.0,388.400875,1.125,2.03100960115899,0.4629100498862757,0.0,0.0,791.425147102444,2.4748737341529163,0.2238027108715141,1.4401645996461911,0.0,0.0,2.1067920865529017,2.4491045365878086,-2.0,1,1,1,1,1,1,1,1,1,1,1,1,1,1,1,1,1,1,1,1,1,1,1,1,1,1,2,1,1,1,1,1,1,1,1,2,1,1,1,1,1,1,1,1,1,1,1,2,2,1,1,1,1,1,1,1,1,1,1,1,1,1,1,1,1,1,1,1
2.0,0.0,0.0,2.0,0.0,0.0,3.0,0.0,0.0,2.0,3600.0,1.0,4.0,0.0,0.0,2.0,0.0,0.0,5.0,0.0,0.0,2.0,0.0,0.0,6.0,1.0,0.0,2.0,3600.0,1.0,7.0,1.0,0.0,2.0,0.0,0.0,1.0,0.0,0.0,2.0,3600.0,1.0,2.0,0.0,0.0,2.0,0.0,0.0,3.75,0.25,0.0,2.0,1350.0,0.375,2.1213203435596424,0.4629100498862757,0.0,0.0,1863.1770102243563,0.5175491695067657,0.3142696805273544,1.4401645996461911,0.0,0.0,0.6440611887195307,0.6440611887195306,-2.0,1,1,1,1,1,1,1,1,1,1,1,2,1,1,1,1,1,1,1,1,1,1,1,1,1,1,2,1,1,2,1,1,1,1,1,1,1,1,1,1,1,2,1,1,1,1,1,1,1,1,1,1,1,1,1,1,1,1,1,1,1,1,1,1,1,1,1,1
4.0,0.0,0.0,2.0,0.0,0.0,5.0,0.0,0.0,2.0,0.0,0.0,6.0,1.0,0.0,2.0,0.0,0.0,7.0,1.0,0.0,2.0,2465.684,1.0,1.0,0.0,0.0,2.0,253.382,1.0,2.0,0.0,0.0,2.0,3600.0,1.0,3.0,0.0,0.0,2.0,0.0,0.0,4.0,0.0,0.0,2.0,0.0,0.0,4.0,0.25,0.0,2.0,789.8832500000001,0.375,2.0,0.4629100498862757,0.0,0.0,1419.883075504836,0.5175491695067657,0.0,1.4401645996461911,0.0,0.0,1.6154883864321954,0.6440611887195306,0.0,1,1,1,1,1,1,1,1,1,1,1,1,1,1,1,1,1,1,1,1,1,1,1,2,1,1,1,1,1,2,1,1,1,1,1,2,1,1,1,1,1,1,1,1,1,1,1,1,1,1,1,1,1,1,1,1,1,1,1,1,1,1,1,1,1,1,1,1
7.0,1.0,0.0,2.0,2465.684,1.0,1.0,0.0,0.0,2.0,253.382,1.0,2.0,0.0,0.0,2.0,3600.0,1.0,3.0,0.0,0.0,2.0,0.0,0.0,4.0,0.0,0.0,2.0,0.0,0.0,5.0,0.0,0.0,2.0,0.0,0.0,6.0,1.0,0.0,2.0,286.726,1.0,7.0,1.0,0.0,2.0,0.0,0.0,4.375,0.375,0.0,2.0,825.724,0.5,2.2638462845343543,0.5175491695067657,0.0,0.0,1400.5841042450825,0.5345224838248488,-0.2262499558606612,0.6440611887195306,0.0,0.0,1.606143698465938,0.0,-6.0,1,1,2,1,1,2,1,1,1,1,1,2,1,1,1,1,1,2,1,1,1,1,1,1,1,1,1,1,1,1,1,1,1,1,1,1,1,1,1,1,1,2,1,1,2,1,1,1,1,1,2,1,1,1,1,1,2,1,1,1,1,1,0,1,1,1,1,1
3.0,0.0,0.0,2.0,0.0,0.0,4.0,0.0,0.0,2.0,0.0,0.0,5.0,0.0,0.0,2.0,0.0,0.0,6.0,1.0,0.0,2.0,286.726,1.0,7.0,1.0,0.0,2.0,0.0,0.0,1.0,0.0,0.0,2.0,3413.55,5.0,2.0,0.0,0.0,2.0,0.0,0.0,3.0,0.0,0.0,2.0,1341.308,3.0,3.875,0.25,0.0,2.0,630.198,1.125,2.03100960115899,0.4629100498862757,0.0,0.0,1216.3438422941342,1.8850918886280923,0.2238027108715141,1.4401645996461911,0.0,0.0,2.183633197571546,1.6394173037133282,6.0,1,1,1,1,1,1,1,1,1,1,1,1,1,1,1,1,1,1,1,1,1,1,1,1,1,1,2,1,1,1,1,1,1,1,1,2,2,1,1,1,1,1,1,1,1,1,1,2,2,1,1,1,1,1,1,1,1,1,1,1,1,1,1,1,1,1,1,1
7.0,1.0,0.0,2.0,0.0,0.0,1.0,0.0,0.0,2.0,3413.55,5.0,2.0,0.0,0.0,2.0,0.0,0.0,3.0,0.0,0.0,2.0,1341.308,3.0,4.0,0.0,0.0,2.0,0.0,0.0,5.0,0.0,0.0,2.0,0.0,0.0,6.0,1.0,0.0,2.0,0.0,0.0,7.0,1.0,0.0,2.0,12.299,1.0,4.375,0.375,0.0,2.0,595.894625,1.125,2.2638462845343543,0.5175491695067657,0.0,0.0,1231.1933111494411,1.8850918886280923,-0.2262499558606612,0.6440611887195306,0.0,0.0,2.1971101033023825,1.6394173037133282,8.0,1,1,2,1,1,1,1,1,1,1,1,2,2,1,1,1,1,1,1,1,1,1,1,2,2,1,1,1,1,1,1,1,1,1,1,1,1,1,1,1,1,1,1,1,2,1,1,1,1,1,2,1,1,1,1,1,2,1,1,1,1,1,0,1,1,1,1,1
3.0,0.0,0.0,2.0,1341.308,3.0,4.0,0.0,0.0,2.0,0.0,0.0,5.0,0.0,0.0,2.0,0.0,0.0,6.0,1.0,0.0,2.0,0.0,0.0,7.0,1.0,0.0,2.0,12.299,1.0,1.0,0.0,0.0,2.0,0.0,0.0,2.0,0.0,1.0,2.0,0.0,0.0,3.0,0.0,1.0,2.0,0.0,0.0,3.875,0.25,0.25,2.0,169.200875,0.5,2.03100960115899,0.4629100498862757,0.4629100498862757,0.0,473.6223521901442,1.0690449676496976,0.2238027108715141,1.4401645996461911,1.4401645996461911,0.0,2.8279620837313573,2.338535866733713,-8.0,1,1,1,1,1,2,2,1,1,1,1,1,1,1,1,1,1,1,1,1,1,1,1,1,1,1,2,1,1,1,1,1,1,1,1,1,1,1,1,2,1,1,1,1,1,2,1,1,1,1,1,2,1,1,1,1,1,2,1,1,1,1,1,2,1,1,1,1
1.0,0.0,1.0,2.0,0.0,0.0,2.0,0.0,1.0,2.0,0.0,0.0,3.0,0.0,1.0,2.0,3600.0,1.0,4.0,0.0,0.0,2.0,125.561,7.0,5.0,0.0,0.0,2.0,0.0,0.0,6.0,1.0,0.0,2.0,0.0,0.0,7.0,1.0,0.0,2.0,0.0,0.0,1.0,0.0,0.0,2.0,0.0,0.0,3.625,0.25,0.375,2.0,465.695125,1.0,2.2638462845343543,0.4629100498862757,0.5175491695067657,0.0,1267.2123493902936,2.449489742783178,0.2262499558606612,1.4401645996461911,0.6440611887195306,0.0,2.8217426234457657,2.7216552697590863,1.0,1,1,1,2,1,1,1,1,1,2,1,1,1,1,1,2,1,2,1,1,1,1,1,1,2,1,1,1,1,1,1,1,1,1,1,1,1,1,1,1,1,1,1,1,1,1,1,1,1,1,1,2,1,1,1,1,1,2,1,1,1,1,1,2,1,1,1,1
4.0,0.0,0.0,2.0,125.561,7.0,5.0,0.0,0.0,2.0,0.0,0.0,6.0,1.0,0.0,2.0,0.0,0.0,7.0,1.0,0.0,2.0,0.0,0.0,1.0,0.0,0.0,2.0,0.0,0.0,2.0,0.0,0.0,3.0,2225.733,3.0,3.0,0.0,0.0,3.0,0.0,0.0,4.0,0.0,0.0,3.0,3580.388,2.0,4.0,0.25,0.0,2.375,741.46025,1.5,2.0,0.4629100498862757,0.0,0.5175491695067657,1383.0982179726325,2.5071326821120348,0.0,1.4401645996461911,0.0,0.6440611887195306,1.7190542938863165,1.8492693543677607,-1.0,1,1,1,1,1,1,2,1,1,1,1,1,1,1,1,1,1,1,1,1,1,1,1,1,1,1,1,1,1,1,1,1,1,1,1,2,2,1,1,1,1,1,1,1,1,1,1,2,1,1,1,1,1,1,1,1,1,1,2,1,1,1,1,1,2,1,1,1
7.0,1.0,0.0,2.0,0.0,0.0,1.0,0.0,0.0,2.0,0.0,0.0,2.0,0.0,0.0,3.0,2225.733,3.0,3.0,0.0,0.0,3.0,0.0,0.0,4.0,0.0,0.0,3.0,3580.388,2.0,5.0,0.0,0.0,3.0,0.0,0.0,6.0,1.0,0.0,3.0,0.0,0.0,7.0,1.0,0.0,3.0,0.0,0.0,4.375,0.375,0.0,2.75,725.765125,0.625,2.2638462845343543,0.5175491695067657,0.0,0.4629100498862757,1391.7709932981522,1.1877349391654208,-0.2262499558606612,0.6440611887195306,0.0,-1.4401645996461911,1.7199343554328903,1.6519050267514583,2.0,1,1,2,1,1,1,1,1,1,1,1,1,1,1,1,1,1,2,2,1,1,1,1,1,1,1,1,1,1,2,1,1,1,1,1,1,1,1,1,1,1,1,1,1,2,1,1,1,1,1,2,1,1,1,1,1,2,1,2,1,1,1,0,1,0,1,1,1
1.0,0.0,0.0,3.0,3257.699,1.0,2.0,0.0,0.0,3.0,0.0,0.0,3.0,0.0,0.0,3.0,5.796,1.0,4.0,0.0,0.0,3.0,3600.0,1.0,5.0,0.0,0.0,3.0,58.128,1.0,6.0,1.0,0.0,3.0,0.0,0.0,7.0,1.0,0.0,3.0,0.0,0.0,1.0,0.0,0.0,3.0,0.0,0.0,3.625,0.25,0.0,3.0,865.202875,0.5,2.2638462845343543,0.4629100498862757,0.0,0.0,1585.0825626687115,0.5345224838248488,0.2262499558606612,1.4401645996461911,0.0,0.0,1.4538598676575931,0.0,2.0,1,1,1,1,1,2,1,1,1,1,1,1,1,1,1,1,1,1,1,1,1,1,1,2,1,1,1,1,1,2,1,1,1,1,1,1,1,1,1,1,1,1,1,1,1,1,1,1,1,1,1,1,1,1,1,1,1,1,1,1,1,1,1,1,1,1,1,1
1.0,0.0,0.0,3.0,0.0,0.0,2.0,0.0,0.0,3.0,3600.0,1.0,3.0,0.0,0.0,3.0,2986.743,2.0,4.0,0.0,0.0,3.0,0.0,0.0,5.0,0.0,0.0,3.0,836.273,2.0,6.0,1.0,0.0,3.0,0.0,0.0,7.0,1.0,0.0,3.0,0.0,0.0,1.0,0.0,0.0,3.0,3600.0,1.0,3.625,0.25,0.0,3.0,1377.877,0.75,2.2638462845343543,0.4629100498862757,0.0,0.0,1705.1026806762775,0.8864052604279183,0.2262499558606612,1.4401645996461911,0.0,0.0,0.5950419199952354,0.6153557179830177,-6.0,1,1,1,1,1,1,1,1,1,1,1,2,1,1,1,1,1,2,1,1,1,1,1,1,1,1,1,1,1,2,1,1,1,1,1,1,1,1,1,1,1,1,1,1,1,1,1,2,1,1,1,1,1,1,1,1,1,1,1,1,1,1,1,1,1,1,1,1
5.0,0.0,0.0,3.0,135.469,4.0,6.0,1.0,0.0,3.0,0.0,0.0,7.0,1.0,0.0,3.0,1864.086,3.0,1.0,0.0,0.0,3.0,0.0,0.0,2.0,0.0,0.0,3.0,0.0,0.0,3.0,0.0,0.0,3.0,0.0,0.0,4.0,0.0,0.0,3.0,0.0,0.0,5.0,0.0,0.0,3.0,0.0,0.0,4.125,0.25,0.0,3.0,249.944375,0.875,2.03100960115899,0.4629100498862757,0.0,0.0,653.9321656174477,1.6420805617960927,-0.2238027108715141,1.4401645996461911,0.0,0.0,2.799786217744829,1.5527063248245148,6.0,1,1,1,1,1,1,2,1,2,1,1,1,1,1,1,1,1,2,2,1,1,1,1,1,1,1,1,1,1,1,1,1,1,1,1,1,1,1,1,1,1,1,1,1,1,1,1,1,1,1,1,1,1,1,1,1,1,1,1,1,1,1,1,1,1,1,1,1
1.0,0.0,0.0,3.0,0.0,0.0,2.0,0.0,0.0,3.0,0.0,0.0,3.0,0.0,0.0,3.0,0.0,0.0,4.0,0.0,0.0,3.0,0.0,0.0,5.0,0.0,0.0,3.0,0.0,0.0,6.0,1.0,0.0,3.0,0.0,0.0,7.0,1.0,0.0,3.0,0.0,0.0,1.0,0.0,0.0,3.0,3600.0,1.0,3.625,0.25,0.0,3.0,450.0,0.125,2.2638462845343543,0.4629100498862757,0.0,0.0,1272.7922061357856,0.3535533905932738,0.2262499558606612,1.4401645996461911,0.0,0.0,2.82842712474619,2.8284271247461903,0.0,1,1,1,1,1,1,1,1,1,1,1,1,1,1,1,1,1,1,1,1,1,1,1,1,1,1,1,1,1,1,1,1,1,1,1,1,1,1,1,1,1,1,1,1,1,1,1,2,1,1,1,1,1,1,1,1,1,1,1,1,1,1,1,1,1,1,1,1
7.0,1.0,0.0,3.0,3600.0,1.0,1.0,0.0,0.0,3.0,3600.0,1.0,2.0,0.0,0.0,3.0,835.613,1.0,3.0,0.0,0.0,3.0,2984.935,2.0,4.0,0.0,0.0,3.0,3600.0,1.0,5.0,0.0,0.0,3.0,3600.0,1.0,6.0,1.0,1.0,3.0,0.0,0.0,7.0,1.0,1.0,3.0,0.0,0.0,4.375,0.375,0.25,3.0,2277.5685,0.875,2.2638462845343543,0.5175491695067657,0.4629100498862757,0.0,1688.174832789881,0.6408699444616557,-0.2262499558606612,0.6440611887195306,1.4401645996461911,0.0,-0.6739198636072735,0.0678425650091733,6.0,-1,1,2,1,1,2,1,1,1,1,1,2,1,1,1,1,1,2,1,1,1,1,1,2,1,1,1,1,1,2,1,1,1,1,1,2,1,1,1,2,1,1,1,1,2,2,1,1,1,1,2,2,1,2,1,1,2,2,1,1,1,1,0,2,1,1,1,0
3.0,0.0,0.0,3.0,2984.935,2.0,4.0,0.0,0.0,3.0,3600.0,1.0,5.0,0.0,0.0,3.0,3600.0,1.0,6.0,1.0,1.0,3.0,0.0,0.0,7.0,1.0,1.0,3.0,0.0,0.0,1.0,0.0,1.0,3.0,3600.0,1.0,2.0,0.0,1.0,3.0,0.0,0.0,3.0,0.0,1.0,3.0,21.697,1.0,3.875,0.25,0.625,3.0,1725.829,0.75,2.03100960115899,0.4629100498862757,0.5175491695067657,0.0,1850.1900217508933,0.7071067811865476,0.2238027108715141,1.4401645996461911,-0.6440611887195306,0.0,0.0413611339007036,0.4040610178208842,0.0,1,1,1,1,1,2,1,1,1,1,1,2,1,1,1,1,1,2,1,1,1,2,1,1,1,1,2,2,1,1,1,1,1,2,1,2,1,1,1,2,1,1,1,1,1,2,1,1,1,1,1,2,1,1,1,1,1,2,1,1,1,1,1,0,1,1,1,1
4.0,0.0,1.0,3.0,2533.93,4.0,5.0,0.0,1.0,3.0,3600.0,1.0,6.0,1.0,1.0,3.0,0.0,0.0,7.0,1.0,1.0,3.0,0.0,0.0,1.0,0.0,1.0,3.0,3600.0,1.0,2.0,0.0,1.0,4.0,3600.0,1.0,3.0,0.0,1.0,4.0,2460.246,1.0,4.0,0.0,1.0,4.0,0.0,0.0,4.0,0.25,1.0,3.375,1974.272,1.0,2.0,0.4629100498862757,0.0,0.5175491695067657,1697.544957769644,1.3093073414159542,0.0,1.4401645996461911,0.0,0.6440611887195306,-0.3856927807594492,2.036700308869262,6.0,-1,1,1,2,1,2,2,1,1,2,1,2,1,1,1,2,1,1,1,1,1,2,1,1,1,1,1,2,1,2,1,1,1,2,1,2,1,1,1,2,1,2,1,1,1,2,1,1,1,1,1,2,1,1,1,1,1,1,2,1,1,1,1,1,2,1,1,0
7.0,1.0,1.0,3.0,0.0,0.0,1.0,0.0,1.0,3.0,3600.0,1.0,2.0,0.0,1.0,4.0,3600.0,1.0,3.0,0.0,1.0,4.0,2460.246,1.0,4.0,0.0,1.0,4.0,0.0,0.0,5.0,0.0,1.0,4.0,3600.0,1.0,6.0,1.0,1.0,4.0,3600.0,1.0,7.0,1.0,1.0,4.0,3600.0,1.0,4.375,0.375,1.0,3.75,2557.53075,0.75,2.2638462845343543,0.5175491695067657,0.0,0.4629100498862757,1626.7892164344332,0.4629100498862757,-0.2262499558606612,0.6440611887195306,0.0,-1.4401645996461911,-1.229690859455092,-1.4401645996461911,-6.0,-1,1,2,2,1,1,1,1,1,2,1,2,1,1,1,2,1,2,1,1,1,2,1,2,1,1,1,2,1,1,1,1,1,2,1,2,1,1,1,2,1,2,1,1,2,2,1,2,1,1,2,2,1,2,1,1,2,1,2,1,1,1,0,1,0,1,1,0
3.0,0.0,1.0,4.0,2460.246,1.0,4.0,0.0,1.0,4.0,0.0,0.0,5.0,0.0,1.0,4.0,3600.0,1.0,6.0,1.0,1.0,4.0,3600.0,1.0,7.0,1.0,1.0,4.0,3600.0,1.0,1.0,0.0,1.0,4.0,0.0,0.0,2.0,0.0,1.0,4.0,1967.135,2.0,3.0,0.0,1.0,4.0,0.0,0.0,3.875,0.25,1.0,4.0,1903.422625,0.75,2.03100960115899,0.4629100498862757,0.0,0.0,1682.6122961397969,0.7071067811865476,0.2238027108715141,1.4401645996461911,0.0,0.0,-0.2345210637441604,0.4040610178208842,6.0,1,1,1,2,1,2,1,1,1,2,1,1,1,1,1,2,1,2,1,1,1,2,1,2,1,1,2,2,1,2,1,1,1,2,1,1,1,1,1,2,1,2,1,1,1,2,1,1,1,1,1,2,1,1,1,1,1,1,1,1,1,1,1,1,1,1,1,1
1.0,0.0,1.0,4.0,0.0,0.0,2.0,0.0,1.0,4.0,1967.135,2.0,3.0,0.0,1.0,4.0,0.0,0.0,4.0,0.0,1.0,4.0,1240.862,1.0,5.0,0.0,1.0,4.0,0.0,0.0,6.0,1.0,1.0,4.0,0.0,0.0,7.0,1.0,1.0,4.0,0.0,0.0,1.0,0.0,1.0,4.0,0.0,0.0,3.625,0.25,1.0,4.0,400.999625,0.375,2.2638462845343543,0.4629100498862757,0.0,0.0,767.4589814323141,0.7440238091428449,0.2262499558606612,1.4401645996461911,0.0,0.0,1.7052927844235466,1.9510301759000723,1.0,1,1,1,2,1,1,1,1,1,2,1,2,1,1,1,2,1,1,1,1,1,2,1,2,1,1,1,2,1,1,1,1,1,2,1,1,1,1,1,2,1,1,1,1,1,2,1,1,1,1,1,2,1,1,1,1,1,1,1,1,1,1,1,1,1,1,1,1
4.0,0.0,1.0,4.0,1240.862,1.0,5.0,0.0,1.0,4.0,0.0,0.0,6.0,1.0,1.0,4.0,0.0,0.0,7.0,1.0,1.0,4.0,0.0,0.0,1.0,0.0,1.0,4.0,0.0,0.0,2.0,0.0,1.0,4.0,2.135,1.0,3.0,0.0,0.0,4.0,0.0,0.0,4.0,0.0,0.0,4.0,0.0,0.0,4.0,0.25,0.75,4.0,155.374625,0.25,2.0,0.4629100498862757,0.4629100498862757,0.0,438.6037698551223,0.4629100498862757,0.0,1.4401645996461911,-1.4401645996461911,0.0,2.828410725467608,1.4401645996461911,-1.0,1,1,1,2,1,2,1,1,1,2,1,1,1,1,1,2,1,1,1,1,1,2,1,1,1,1,1,2,1,1,1,1,1,2,1,1,1,1,1,1,1,1,1,1,1,1,1,1,1,1,1,2,1,1,1,1,1,2,1,1,1,1,1,0,1,1,1,1
7.0,1.0,1.0,4.0,0.0,0.0,1.0,0.0,1.0,4.0,0.0,0.0,2.0,0.0,1.0,4.0,2.135,1.0,3.0,0.0,0.0,4.0,0.0,0.0,4.0,0.0,0.0,4.0,0.0,0.0,5.0,0.0,0.0,4.0,0.0,0.0,6.0,1.0,0.0,4.0,0.0,0.0,7.0,1.0,0.0,4.0,0.0,0.0,4.375,0.375,0.375,4.0,0.266875,0.125,2.2638462845343543,0.5175491695067657,0.5175491695067657,0.0,0.7548364889166393,0.3535533905932738,-0.2262499558606612,0.6440611887195306,0.6440611887195306,0.0,2.8284271247461907,2.8284271247461903,2.0,1,1,2,2,1,1,1,1,1,2,1,1,1,1,1,2,1,1,1,1,1,1,1,1,1,1,1,1,1,1,1,1,1,1,1,1,1,1,1,1,1,1,1,1,2,1,1,1,1,1,2,2,1,1,1,1,2,2,1,1,1,1,0,2,1,1,1,1
3.0,0.0,0.0,4.0,0.0,0.0,4.0,0.0,0.0,4.0,0.0,0.0,5.0,0.0,0.0,4.0,0.0,0.0,6.0,1.0,0.0,4.0,0.0,0.0,7.0,1.0,0.0,4.0,0.0,0.0,1.0,0.0,0.0,4.0,76.989,2.0,2.0,0.0,0.0,4.0,0.0,0.0,3.0,0.0,0.0,4.0,3581.744,2.0,3.875,0.25,0.0,4.0,457.341625,0.5,2.03100960115899,0.4629100498862757,0.0,0.0,1262.736625179946,0.9258200997725514,0.2238027108715141,1.4401645996461911,0.0,0.0,2.8258790125883437,1.4401645996461911,-8.0,1,1,1,1,1,1,1,1,1,1,1,1,1,1,1,1,1,1,1,1,1,1,1,1,1,1,2,1,1,1,1,1,1,1,1,1,1,1,1,1,1,1,1,1,1,1,1,2,1,1,1,1,1,1,1,1,1,1,1,1,1,1,1,1,1,1,1,1
7.0,1.0,0.0,4.0,0.0,0.0,1.0,0.0,0.0,4.0,0.0,0.0,2.0,0.0,0.0,4.0,0.0,0.0,3.0,0.0,0.0,4.0,38.252,2.0,4.0,0.0,0.0,4.0,0.0,0.0,5.0,0.0,0.0,4.0,3086.131,2.0,6.0,1.0,0.0,4.0,0.0,0.0,7.0,1.0,0.0,4.0,0.0,0.0,4.375,0.375,0.0,4.0,390.547875,0.5,2.2638462845343543,0.5175491695067657,0.0,0.0,1089.2623076014647,0.9258200997725514,-0.2262499558606612,0.6440611887195306,0.0,0.0,2.827577988108628,1.4401645996461911,0.0,1,1,2,1,1,1,1,1,1,1,1,1,1,1,1,1,1,1,1,1,1,1,1,1,1,1,1,1,1,1,1,1,1,1,1,2,1,1,1,1,1,1,1,1,2,1,1,1,1,1,2,1,1,1,1,1,2,1,1,1,1,1,0,1,1,1,1,1
3.0,0.0,0.0,4.0,38.252,2.0,4.0,0.0,0.0,4.0,0.0,0.0,5.0,0.0,0.0,4.0,3086.131,2.0,6.0,1.0,0.0,4.0,0.0,0.0,7.0,1.0,0.0,4.0,0.0,0.0,1.0,0.0,0.0,4.0,0.0,0.0,2.0,0.0,0.0,4.0,0.0,0.0,3.0,0.0,0.0,4.0,10.531,4.0,3.875,0.25,0.0,4.0,391.86425,1.0,2.03100960115899,0.4629100498862757,0.0,0.0,1088.7291374547997,1.5118578920369088,0.2238027108715141,1.4401645996461911,0.0,0.0,2.8275900350055063,1.3228756555322954,6.0,1,1,1,1,1,1,1,1,1,1,1,1,1,1,1,1,1,2,1,1,1,1,1,1,1,1,2,1,1,1,1,1,1,1,1,1,1,1,1,1,1,1,1,1,1,1,1,1,2,1,1,1,1,1,1,1,1,1,1,1,1,1,1,1,1,1,1,1
4.0,0.0,0.0,4.0,0.0,0.0,5.0,0.0,0.0,4.0,0.0,0.0,6.0,1.0,0.0,4.0,2984.965,2.0,7.0,1.0,0.0,4.0,2984.961,2.0,1.0,0.0,0.0,4.0,0.0,0.0,2.0,0.0,0.0,4.0,0.0,0.0,3.0,0.0,0.0,4.0,2984.947,2.0,4.0,0.0,0.0,4.0,2239.075,3.0,4.0,0.25,0.0,4.0,1399.2435,1.125,2.0,0.4629100498862757,0.0,0.0,1515.647654721619,1.246423454758225,0.0,1.4401645996461911,0.0,0.0,0.0873083407995809,0.2858754283868778,-1.0,1,1,1,1,1,1,1,1,1,1,1,1,1,1,1,1,1,2,1,1,1,1,1,2,1,1,1,1,1,1,1,1,1,1,1,1,1,1,1,1,1,2,1,1,1,1,1,2,2,1,1,1,1,1,1,1,1,1,1,1,1,1,1,1,1,1,1,1
3.0,0.0,0.0,1.0,3152.306,3.0,4.0,0.0,0.0,1.0,2132.855,1.0,5.0,0.0,1.0,1.0,0.0,0.0,6.0,1.0,1.0,1.0,0.0,0.0,7.0,1.0,1.0,1.0,3600.0,1.0,1.0,0.0,1.0,1.0,0.0,0.0,2.0,0.0,1.0,1.0,0.0,0.0,3.0,0.0,1.0,1.0,1658.779,1.0,3.875,0.25,0.75,1.0,1317.9925,0.75,2.03100960115899,0.4629100498862757,0.4629100498862757,0.0,1526.004002009918,1.035098339013531,0.2238027108715141,1.4401645996461911,-1.4401645996461911,0.0,0.50804717343641,1.6745590906707797,-6.0,-1,1,1,1,1,2,2,1,1,1,1,2,1,1,1,2,1,1,1,1,1,2,1,1,1,1,2,2,1,2,1,1,1,2,1,1,1,1,1,2,1,1,1,1,1,2,1,2,1,1,1,2,1,1,1,1,1,2,1,1,1,1,1,0,1,1,1,0
1.0,0.0,1.0,1.0,0.0,0.0,2.0,0.0,1.0,1.0,0.0,0.0,3.0,0.0,1.0,1.0,1658.779,1.0,4.0,0.0,1.0,1.0,3587.179,2.0,5.0,0.0,0.0,1.0,3314.053,1.0,6.0,1.0,0.0,1.0,0.0,0.0,7.0,1.0,0.0,1.0,0.0,0.0,1.0,0.0,0.0,1.0,0.0,0.0,3.625,0.25,0.5,1.0,1070.001375,0.5,2.2638462845343543,0.4629100498862757,0.5345224838248488,0.0,1578.5673747183314,0.7559289460184544,0.2262499558606612,1.4401645996461911,0.0,0.0,1.0327981819033347,1.3228756555322954,-4.0,1,1,1,2,1,1,1,1,1,2,1,1,1,1,1,2,1,2,1,1,1,2,1,2,1,1,1,1,1,2,1,1,1,1,1,1,1,1,1,1,1,1,1,1,1,1,1,1,1,1,1,2,1,1,1,1,1,2,1,1,1,1,1,1,1,1,1,1
4.0,0.0,1.0,1.0,3587.179,2.0,5.0,0.0,0.0,1.0,3314.053,1.0,6.0,1.0,0.0,1.0,0.0,0.0,7.0,1.0,0.0,1.0,0.0,0.0,1.0,0.0,0.0,1.0,0.0,0.0,2.0,0.0,0.0,1.0,0.0,0.0,3.0,0.0,0.0,1.0,0.0,0.0,4.0,0.0,0.0,1.0,0.0,0.0,4.0,0.25,0.125,1.0,862.654,0.375,2.0,0.4629100498862757,0.3535533905932738,0.0,1598.9918732538056,0.7440238091428449,0.0,1.4401645996461911,2.8284271247461903,0.0,1.449156936426723,1.9510301759000723,-8.0,1,1,1,2,1,2,1,1,1,1,1,2,1,1,1,1,1,1,1,1,1,1,1,1,1,1,1,1,1,1,1,1,1,1,1,1,1,1,1,1,1,1,1,1,1,1,1,1,1,1,1,2,1,1,1,1,1,2,1,1,1,1,1,2,1,1,1,1
7.0,1.0,0.0,1.0,0.0,0.0,1.0,0.0,0.0,1.0,0.0,0.0,2.0,0.0,0.0,1.0,0.0,0.0,3.0,0.0,0.0,1.0,0.0,0.0,4.0,0.0,0.0,1.0,0.0,0.0,5.0,0.0,0.0,1.0,0.0,0.0,6.0,1.0,0.0,1.0,0.0,0.0,7.0,1.0,0.0,1.0,3579.01,2.0,4.375,0.375,0.0,1.0,447.37625,0.25,2.2638462845343543,0.5175491695067657,0.0,0.0,1265.371120467233,0.7071067811865476,-0.2262499558606612,0.6440611887195306,0.0,0.0,2.82842712474619,2.8284271247461903,0.0,1,1,2,1,1,1,1,1,1,1,1,1,1,1,1,1,1,1,1,1,1,1,1,1,1,1,1,1,1,1,1,1,1,1,1,1,1,1,1,1,1,1,1,1,2,1,1,2,1,1,2,1,1,1,1,1,2,1,1,1,1,1,0,1,1,1,1,1
3.0,0.0,0.0,1.0,0.0,0.0,4.0,0.0,0.0,1.0,0.0,0.0,5.0,0.0,0.0,1.0,0.0,0.0,6.0,1.0,0.0,1.0,0.0,0.0,7.0,1.0,0.0,1.0,0.0,0.0,1.0,0.0,0.0,1.0,0.0,0.0,2.0,0.0,0.0,1.0,0.0,0.0,3.0,0.0,0.0,1.0,0.0,0.0,3.875,0.25,0.0,1.0,0.0,0.0,2.03100960115899,0.4629100498862757,0.0,0.0,0.0,0.0,0.2238027108715141,1.4401645996461911,0.0,0.0,0.0,0.0,-6.0,1,1,1,1,1,1,1,1,1,1,1,1,1,1,1,1,1,1,1,1,1,1,1,1,1,1,2,1,1,1,1,1,1,1,1,1,1,1,1,1,1,1,1,1,1,1,1,1,1,1,1,1,1,1,1,1,1,1,1,1,1,1,1,1,1,1,1,1
4.0,0.0,0.0,1.0,8.677,3.0,5.0,0.0,0.0,1.0,370.744,1.0,6.0,1.0,0.0,1.0,0.0,0.0,7.0,1.0,0.0,1.0,0.0,0.0,1.0,0.0,0.0,1.0,0.0,0.0,2.0,0.0,0.0,1.0,3600.0,1.0,3.0,0.0,0.0,1.0,5.692,1.0,4.0,0.0,0.0,1.0,3521.112,3.0,4.0,0.25,0.0,1.0,938.278125,1.125,2.0,0.4629100498862757,0.0,0.0,1623.6142135215707,1.246423454758225,0.0,1.4401645996461911,0.0,0.0,1.4157629122158668,0.8760698611855934,-6.0,1,1,1,1,1,1,2,1,1,1,1,2,1,1,1,1,1,1,1,1,1,1,1,1,1,1,1,1,1,1,1,1,1,1,1,2,1,1,1,1,1,1,1,1,1,1,1,2,2,1,1,1,1,1,1,1,1,1,1,1,1,1,1,1,1,1,1,1
1.0,0.0,0.0,1.0,0.0,0.0,2.0,0.0,0.0,1.0,3600.0,1.0,3.0,0.0,0.0,1.0,5.692,1.0,4.0,0.0,0.0,1.0,3521.112,3.0,5.0,0.0,0.0,1.0,0.0,0.0,6.0,1.0,0.0,1.0,229.244,4.0,7.0,1.0,0.0,1.0,2014.963,1.0,1.0,0.0,0.0,1.0,0.0,0.0,3.625,0.25,0.0,1.0,1171.376375,1.25,2.2638462845343543,0.4629100498862757,0.0,0.0,1625.4190634614763,1.48804761828569,0.2262499558606612,1.4401645996461911,0.0,0.0,0.9162164145647644,1.1706181055400433,0.0,1,1,1,1,1,1,1,1,1,1,1,2,1,1,1,1,1,1,1,1,1,1,1,2,2,1,1,1,1,1,1,1,1,1,1,2,2,1,1,1,1,2,1,1,1,1,1,1,1,1,1,1,1,1,1,1,1,1,1,1,1,1,1,1,1,1,1,1
4.0,0.0,0.0,1.0,3521.112,3.0,5.0,0.0,0.0,1.0,0.0,0.0,6.0,1.0,0.0,1.0,229.244,4.0,7.0,1.0,0.0,1.0,2014.963,1.0,1.0,0.0,0.0,1.0,0.0,0.0,2.0,0.0,0.0,1.0,13.009,2.0,3.0,0.0,0.0,1.0,0.0,0.0,4.0,0.0,0.0,1.0,0.0,0.0,4.0,0.25,0.0,1.0,722.2909999999999,1.25,2.0,0.4629100498862757,0.0,0.0,1327.5860663024018,1.5811388300841898,0.0,1.4401645996461911,0.0,0.0,1.7990866489972612,0.9035079029052512,-1.0,1,1,1,1,1,2,2,1,1,1,1,1,1,1,1,1,1,2,2,1,1,1,1,2,1,1,1,1,1,1,1,1,1,1,1,1,1,1,1,1,1,1,1,1,1,1,1,1,1,1,1,1,1,1,1,1,1,1,1,1,1,1,1,1,1,1,1,1
7.0,1.0,0.0,1.0,2014.963,1.0,1.0,0.0,0.0,1.0,0.0,0.0,2.0,0.0,0.0,1.0,13.009,2.0,3.0,0.0,0.0,1.0,0.0,0.0,4.0,0.0,0.0,1.0,0.0,0.0,5.0,0.0,0.0,1.0,0.0,0.0,6.0,1.0,0.0,1.0,0.0,0.0,7.0,1.0,0.0,1.0,0.0,0.0,4.375,0.375,0.0,1.0,253.4965,0.375,2.2638462845343543,0.5175491695067657,0.0,0.0,711.7545043614807,0.7440238091428449,-0.2262499558606612,0.6440611887195306,0.0,0.0,2.8281964428473314,1.9510301759000723,2.0,1,1,2,1,1,2,1,1,1,1,1,1,1,1,1,1,1,1,1,1,1,1,1,1,1,1,1,1,1,1,1,1,1,1,1,1,1,1,1,1,1,1,1,1,2,1,1,1,1,1,2,1,1,1,1,1,2,1,1,1,1,1,0,1,1,1,1,1
