week_t-7,is_weekend_t-7,is_holiday_t-7,season_t-7,unlock_duration_sum_10_17_t-7,unlock_num_sum_10_17_t-7,week_t-6,is_weekend_t-6,is_holiday_t-6,season_t-6,unlock_duration_sum_10_17_t-6,unlock_num_sum_10_17_t-6,week_t-5,is_weekend_t-5,is_holiday_t-5,season_t-5,unlock_duration_sum_10_17_t-5,unlock_num_sum_10_17_t-5,week_t-4,is_weekend_t-4,is_holiday_t-4,season_t-4,unlock_duration_sum_10_17_t-4,unlock_num_sum_10_17_t-4,week_t-3,is_weekend_t-3,is_holiday_t-3,season_t-3,unlock_duration_sum_10_17_t-3,unlock_num_sum_10_17_t-3,week_t-2,is_weekend_t-2,is_holiday_t-2,season_t-2,unlock_duration_sum_10_17_t-2,unlock_num_sum_10_17_t-2,week_t-1,is_weekend_t-1,is_holiday_t-1,season_t-1,unlock_duration_sum_10_17_t-1,unlock_num_sum_10_17_t-1,week_t-0,is_weekend_t-0,is_holiday_t-0,season_t-0,unlock_duration_sum_10_17_t-0,unlock_num_sum_10_17_t-0,week_mean,is_weekend_mean,is_holiday_mean,season_mean,unlock_duration_sum_10_17_mean,unlock_num_sum_10_17_mean,week_std,is_weekend_std,is_holiday_std,season_std,unlock_duration_sum_10_17_std,unlock_num_sum_10_17_std,week_skew,is_weekend_skew,is_holiday_skew,season_skew,unlock_duration_sum_10_17_skew,unlock_num_sum_10_17_skew,target,anomaly,week_t-7_encoded,is_weekend_t-7_encoded,is_holiday_t-7_encoded,season_t-7_encoded,unlock_duration_sum_10_17_t-7_encoded,unlock_num_sum_10_17_t-7_encoded,week_t-6_encoded,is_weekend_t-6_encoded,is_holiday_t-6_encoded,season_t-6_encoded,unlock_duration_sum_10_17_t-6_encoded,unlock_num_sum_10_17_t-6_encoded,week_t-5_encoded,is_weekend_t-5_encoded,is_holiday_t-5_encoded,season_t-5_encoded,unlock_duration_sum_10_17_t-5_encoded,unlock_num_sum_10_17_t-5_encoded,week_t-4_encoded,is_weekend_t-4_encoded,is_holiday_t-4_encoded,season_t-4_encoded,unlock_duration_sum_10_17_t-4_encoded,unlock_num_sum_10_17_t-4_encoded,week_t-3_encoded,is_weekend_t-3_encoded,is_holiday_t-3_encoded,season_t-3_encoded,unlock_duration_sum_10_17_t-3_encoded,unlock_num_sum_10_17_t-3_encoded,week_t-2_encoded,is_weekend_t-2_encoded,is_holiday_t-2_encoded,season_t-2_encoded,unlock_duration_sum_10_17_t-2_encoded,unlock_num_sum_10_17_t-2_encoded,week_t-1_encoded,is_weekend_t-1_encoded,is_holiday_t-1_encoded,season_t-1_encoded,unlock_duration_sum_10_17_t-1_encoded,unlock_num_sum_10_17_t-1_encoded,week_t-0_encoded,is_weekend_t-0_encoded,is_holiday_t-0_encoded,season_t-0_encoded,unlock_duration_sum_10_17_t-0_encoded,unlock_num_sum_10_17_t-0_encoded,week_mean_encoded,is_weekend_mean_encoded,is_holiday_mean_encoded,season_mean_encoded,unlock_duration_sum_10_17_mean_encoded,unlock_num_sum_10_17_mean_encoded,week_std_encoded,is_weekend_std_encoded,is_holiday_std_encoded,season_std_encoded,unlock_duration_sum_10_17_std_encoded,unlock_num_sum_10_17_std_encoded,week_skew_encoded,is_weekend_skew_encoded,is_holiday_skew_encoded,season_skew_encoded,unlock_duration_sum_10_17_skew_encoded,unlock_num_sum_10_17_skew_encoded,anomaly_encoded
4.0,0.0,0.0,3.0,6901.126,42.0,5.0,0.0,0.0,3.0,4066.619,18.0,6.0,1.0,0.0,3.0,5002.731,25.0,7.0,1.0,0.0,3.0,3502.993,25.0,1.0,0.0,0.0,3.0,9251.049,23.0,2.0,0.0,0.0,3.0,4417.153,19.0,3.0,0.0,0.0,3.0,8892.676,39.0,4.0,0.0,0.0,3.0,2592.539,25.0,4.0,0.25,0.0,3.0,5578.36075,27.0,2.0,0.4629100498862757,0.0,0.0,2490.279142460869,8.799350625391138,0.0,1.4401645996461911,0.0,0.0,0.5857493112295685,1.0550929536252824,-7.0,1,1,1,1,1,1,1,1,1,1,1,1,1,1,2,1,1,1,1,1,1,1,1,1,1,1,1,1,1,1,1,1,1,1,1,1,1,1,1,1,1,1,1,1,1,1,1,1,1,1,1,1,1,1,1,1,1,1,1,1,1,1,1,1,1,1,1,1
3.0,0.0,0.0,3.0,4594.814,24.0,4.0,0.0,0.0,3.0,5468.5650000000005,14.0,5.0,0.0,0.0,3.0,7142.224999999999,19.0,6.0,1.0,0.0,3.0,3320.144,26.0,7.0,1.0,0.0,3.0,2476.022,16.0,1.0,0.0,1.0,3.0,2587.08,19.0,2.0,0.0,1.0,3.0,6602.7880000000005,28.0,3.0,0.0,1.0,3.0,1779.074,16.0,3.875,0.25,0.375,3.0,4246.339,20.25,2.03100960115899,0.4629100498862757,0.5175491695067657,0.0,2013.762480784876,5.1478150704935,0.2238027108715141,1.4401645996461911,0.6440611887195306,0.0,0.3104133111821033,0.4283082670664378,1.0,1,1,1,1,1,1,1,1,1,1,1,1,1,1,1,1,1,1,1,1,1,1,1,1,1,1,1,1,1,1,1,1,1,2,1,1,1,1,1,2,1,1,1,1,1,2,1,1,1,1,1,2,1,1,1,1,1,2,1,1,1,1,1,2,1,1,1,1
4.0,0.0,0.0,4.0,0.0,0.0,5.0,0.0,0.0,4.0,0.0,0.0,6.0,1.0,0.0,4.0,0.0,0.0,7.0,1.0,0.0,4.0,0.0,0.0,1.0,0.0,0.0,4.0,0.0,0.0,2.0,0.0,0.0,4.0,1993.586,34.0,3.0,0.0,0.0,4.0,1934.53,16.0,4.0,0.0,0.0,4.0,2115.987,35.0,4.0,0.25,0.0,4.0,755.512875,10.625,2.0,0.4629100498862757,0.0,0.0,1043.879769358992,15.738374394181522,0.0,1.4401645996461911,0.0,0.0,0.6528157482340833,1.0462101956600358,12.0,1,1,1,1,1,1,1,1,1,1,1,1,1,1,2,1,1,1,1,1,1,1,1,1,1,1,1,1,1,1,1,1,1,1,1,1,1,1,1,1,1,1,1,1,1,1,1,1,1,1,1,1,1,1,1,1,1,1,1,1,1,1,1,1,1,1,1,1
3.0,0.0,0.0,4.0,1842.955,5.0,4.0,0.0,0.0,4.0,4324.023999999999,22.0,5.0,0.0,0.0,4.0,1783.8670000000002,15.0,6.0,1.0,0.0,4.0,7575.248,30.0,7.0,1.0,0.0,4.0,5134.373,40.0,1.0,0.0,0.0,4.0,5659.718999999999,27.0,2.0,0.0,0.0,4.0,1745.797,15.0,3.0,0.0,0.0,4.0,2390.562,16.0,3.875,0.25,0.0,4.0,3807.068125,21.25,2.03100960115899,0.4629100498862757,0.0,0.0,2199.574239834638,10.89888591947426,0.2238027108715141,1.4401645996461911,0.0,0.0,0.6243392603096761,0.3719755479495671,-3.0,1,1,1,1,1,1,1,1,1,1,1,1,1,1,1,1,1,1,1,1,1,1,1,1,1,1,1,1,1,1,1,1,1,1,1,1,1,1,1,1,1,1,1,1,1,1,1,1,1,1,1,1,1,1,1,1,1,1,1,1,1,1,1,1,1,1,1,1
3.0,0.0,0.0,4.0,2390.562,16.0,4.0,0.0,0.0,4.0,2154.274,12.0,5.0,0.0,0.0,4.0,9864.938,24.0,6.0,1.0,0.0,4.0,3132.156,19.0,7.0,1.0,0.0,4.0,2709.941,16.0,1.0,0.0,0.0,4.0,3749.378,23.0,2.0,0.0,0.0,4.0,1953.497,16.0,3.0,0.0,0.0,4.0,5384.679,16.0,3.875,0.25,0.0,4.0,3917.428125,17.75,2.03100960115899,0.4629100498862757,0.0,0.0,2643.743969967777,4.026696625558687,0.2238027108715141,1.4401645996461911,0.0,0.0,2.006737374552688,0.5229415245442126,-3.0,1,1,1,1,1,1,1,1,1,1,1,1,1,1,1,1,1,1,1,1,1,1,1,1,1,1,1,1,1,1,1,1,1,1,1,1,1,1,1,1,1,1,1,1,1,1,1,1,1,1,1,1,1,1,1,1,1,1,1,1,1,1,1,1,1,2,1,1
6.0,1.0,0.0,4.0,3965.013,25.0,7.0,1.0,0.0,4.0,2871.101,22.0,1.0,0.0,0.0,4.0,4414.247,20.0,2.0,0.0,0.0,4.0,2240.784,22.0,3.0,0.0,0.0,4.0,4734.382,31.0,4.0,0.0,0.0,4.0,3740.903,23.0,5.0,0.0,0.0,4.0,2856.606,25.0,6.0,1.0,0.0,4.0,4399.949,21.0,4.25,0.375,0.0,4.0,3652.873125,23.625,2.1213203435596424,0.5175491695067657,0.0,0.0,898.5591032653233,3.461523198989552,-0.3142696805273544,0.6440611887195306,0.0,0.0,-0.4316066739409209,1.5236695762237231,8.0,1,1,1,1,1,1,1,1,1,1,1,1,1,1,1,1,1,1,1,1,1,1,1,1,1,1,1,1,1,1,1,1,1,1,1,1,1,1,1,1,1,1,1,1,1,1,1,1,1,1,1,1,1,1,1,1,1,1,1,1,1,1,1,1,1,1,1,1
5.0,0.0,0.0,1.0,1867.836,14.0,6.0,1.0,0.0,1.0,4596.475,24.0,7.0,1.0,1.0,1.0,3781.798,35.0,1.0,0.0,1.0,1.0,2901.995,23.0,2.0,0.0,1.0,1.0,2076.706,24.0,3.0,0.0,1.0,1.0,5158.851,24.0,4.0,0.0,1.0,1.0,3922.673,21.0,5.0,0.0,1.0,1.0,1448.6129999999998,21.0,4.125,0.25,0.75,1.0,3219.368375,23.25,2.03100960115899,0.4629100498862757,0.4629100498862757,0.0,1354.2313322684925,5.800246300189083,-0.2238027108715141,1.4401645996461911,-1.4401645996461911,0.0,0.0680965868902863,0.7899217963375235,1.0,1,1,1,1,1,1,1,1,1,1,1,1,1,1,2,2,1,1,1,1,1,2,1,1,1,1,1,2,1,1,1,1,1,2,1,1,1,1,1,2,1,1,1,1,1,2,1,1,1,1,1,2,1,1,1,1,1,2,1,1,1,1,1,0,1,1,1,1
6.0,1.0,0.0,1.0,3943.529000000001,31.0,7.0,1.0,0.0,1.0,4620.064,26.0,1.0,0.0,0.0,1.0,1757.065,19.0,2.0,0.0,0.0,1.0,2301.812,13.0,3.0,0.0,0.0,1.0,4619.037,10.0,4.0,0.0,0.0,1.0,1018.847,16.0,5.0,0.0,0.0,1.0,2978.9260000000004,33.0,6.0,1.0,0.0,1.0,1911.525,20.0,4.25,0.375,0.0,1.0,2893.850625,21.0,2.1213203435596424,0.5175491695067657,0.0,0.0,1372.6167227432989,8.315218406202998,-0.3142696805273544,0.6440611887195306,0.0,0.0,0.163457587491806,0.2902176494481069,-5.0,1,1,1,1,1,1,1,1,1,1,1,1,1,1,1,1,1,1,1,1,1,1,1,1,1,1,1,1,1,1,1,1,1,1,1,1,1,1,1,1,1,1,1,1,1,1,1,1,1,1,1,1,1,1,1,1,1,1,1,1,1,1,1,1,1,1,1,1
2.0,0.0,0.0,1.0,2301.812,13.0,3.0,0.0,0.0,1.0,4619.037,10.0,4.0,0.0,0.0,1.0,1018.847,16.0,5.0,0.0,0.0,1.0,2978.9260000000004,33.0,6.0,1.0,0.0,1.0,1911.525,20.0,7.0,1.0,0.0,1.0,5014.753000000001,32.0,1.0,0.0,0.0,1.0,4960.105,20.0,2.0,0.0,0.0,1.0,3236.0820000000003,19.0,3.75,0.25,0.0,1.0,3255.135875,20.375,2.1213203435596424,0.4629100498862757,0.0,0.0,1495.4768897428612,8.262436513696013,0.3142696805273544,1.4401645996461911,0.0,0.0,-0.0885676629570928,0.6682750181392504,11.0,1,1,1,1,1,1,1,1,1,1,1,1,1,1,1,1,1,1,1,1,1,1,1,1,1,1,1,1,1,1,1,1,1,1,1,1,1,1,1,1,1,1,1,1,1,1,1,1,1,1,1,1,1,1,1,1,1,1,1,1,1,1,1,1,1,1,1,1
3.0,0.0,0.0,1.0,2413.632,16.0,4.0,0.0,0.0,1.0,1766.458,14.0,5.0,0.0,0.0,1.0,1661.323,30.0,6.0,1.0,0.0,1.0,1014.002,9.0,7.0,1.0,0.0,1.0,742.974,12.0,1.0,0.0,0.0,1.0,1628.648,18.0,2.0,0.0,0.0,1.0,3159.086,14.0,3.0,0.0,0.0,1.0,3771.085,24.0,3.875,0.25,0.0,1.0,2019.651,17.125,2.03100960115899,0.4629100498862757,0.0,0.0,1035.6279857661243,6.8334785118143575,0.2238027108715141,1.4401645996461911,0.0,0.0,0.6333219338691944,1.0305242048226606,3.0,1,1,1,1,1,1,1,1,1,1,1,1,1,1,1,1,1,1,1,1,1,1,1,1,1,1,1,1,1,1,1,1,1,1,1,1,1,1,1,1,1,1,1,1,1,1,1,1,1,1,1,1,1,1,1,1,1,1,1,1,1,1,1,1,1,1,1,1
6.0,1.0,0.0,1.0,3670.515,30.0,7.0,1.0,0.0,1.0,2188.842,26.0,1.0,0.0,0.0,1.0,4410.188999999999,38.0,2.0,0.0,0.0,1.0,3802.375,26.0,3.0,0.0,0.0,1.0,4023.37,29.0,4.0,0.0,0.0,1.0,2808.295,30.0,5.0,0.0,0.0,1.0,2219.314,29.0,6.0,1.0,0.0,1.0,3096.3410000000003,32.0,4.25,0.375,0.0,1.0,3277.405125,30.0,2.1213203435596424,0.5175491695067657,0.0,0.0,830.4187135180553,3.817254061682111,-0.3142696805273544,0.6440611887195306,0.0,0.0,-0.1694903870286961,1.3355252580279589,-5.0,1,1,1,1,1,1,1,1,1,1,1,1,1,1,1,1,1,1,1,1,1,1,1,1,1,1,1,1,1,1,1,1,1,1,1,1,1,1,1,1,1,1,1,1,1,1,1,1,1,1,1,1,1,1,1,1,1,1,1,1,1,1,1,1,1,1,1,1
2.0,0.0,0.0,1.0,3802.375,26.0,3.0,0.0,0.0,1.0,4023.37,29.0,4.0,0.0,0.0,1.0,2808.295,30.0,5.0,0.0,0.0,1.0,2219.314,29.0,6.0,1.0,0.0,1.0,3096.3410000000003,32.0,7.0,1.0,0.0,1.0,3291.666,32.0,1.0,0.0,0.0,1.0,2913.216,25.0,2.0,0.0,0.0,1.0,4083.064,26.0,3.75,0.25,0.0,1.0,3279.705125,28.625,2.1213203435596424,0.4629100498862757,0.0,0.0,653.1619044665807,2.7222627143085005,0.3142696805273544,1.4401645996461911,0.0,0.0,-0.1913617318729867,-0.0398322081002027,13.0,1,1,1,1,1,1,1,1,1,1,1,1,1,1,1,1,1,1,1,1,1,1,1,1,1,1,1,1,1,1,1,1,1,1,1,1,1,1,1,1,1,1,1,1,1,1,1,1,1,1,1,1,1,1,1,1,1,1,1,1,1,1,1,1,1,1,1,1
6.0,1.0,0.0,1.0,3096.3410000000003,32.0,7.0,1.0,0.0,1.0,3291.666,32.0,1.0,0.0,0.0,1.0,2913.216,25.0,2.0,0.0,0.0,1.0,4083.064,26.0,3.0,0.0,0.0,1.0,761.2939999999999,20.0,4.0,0.0,0.0,1.0,2902.959,34.0,5.0,0.0,0.0,1.0,1367.173,28.0,6.0,1.0,0.0,1.0,2726.929,24.0,4.25,0.375,0.0,1.0,2642.83025,27.625,2.1213203435596424,0.5175491695067657,0.0,0.0,1070.1309122289333,4.779046527738113,-0.3142696805273544,0.6440611887195306,0.0,0.0,-0.8307677731177824,-0.151331706527,-3.0,1,1,1,1,1,1,1,1,1,1,1,1,1,1,1,1,1,1,1,1,1,1,1,1,1,1,1,1,1,1,1,1,1,1,1,1,1,1,1,1,1,1,1,1,1,1,1,1,1,1,1,1,1,1,1,1,1,1,1,1,1,1,1,1,1,1,1,1
2.0,0.0,0.0,1.0,592.373,7.0,3.0,0.0,0.0,1.0,150.0,1.0,4.0,0.0,0.0,1.0,7659.641,16.0,5.0,0.0,0.0,1.0,4052.317,35.0,6.0,1.0,0.0,1.0,1832.885,15.0,7.0,1.0,0.0,1.0,5695.851,24.0,1.0,0.0,0.0,1.0,3738.737,15.0,2.0,0.0,0.0,1.0,2336.939,18.0,3.75,0.25,0.0,1.0,3257.342875,16.375,2.1213203435596424,0.4629100498862757,0.0,0.0,2558.575008764194,10.253048327204938,0.3142696805273544,1.4401645996461911,0.0,0.0,0.5439530541794808,0.4320266989919718,-4.0,1,1,1,1,1,1,1,1,1,1,1,1,1,1,1,1,1,1,1,1,1,1,1,1,1,1,1,1,1,1,1,1,1,1,1,1,1,1,1,1,1,1,1,1,1,1,1,1,1,1,1,1,1,1,1,1,1,1,1,1,1,1,1,1,1,1,1,1
3.0,0.0,0.0,2.0,8215.260999999999,24.0,4.0,0.0,0.0,2.0,9962.308,23.0,5.0,0.0,0.0,2.0,3697.537,26.0,6.0,1.0,0.0,2.0,617.981,11.0,7.0,1.0,0.0,2.0,2165.375,12.0,1.0,0.0,0.0,2.0,3036.081,20.0,2.0,0.0,0.0,2.0,7725.623,26.0,3.0,0.0,0.0,2.0,2205.884,31.0,3.875,0.25,0.0,2.0,4703.25625,21.625,2.03100960115899,0.4629100498862757,0.0,0.0,3428.5488648609157,6.988510979764267,0.2238027108715141,1.4401645996461911,0.0,0.0,0.5228324617837921,-0.6071600139740719,-7.0,1,1,1,1,1,1,1,1,1,1,1,1,1,1,1,1,1,1,1,1,1,1,1,1,1,1,1,1,1,1,1,1,1,1,1,1,1,1,1,1,1,1,1,1,1,1,1,1,1,1,1,1,1,1,1,1,1,1,1,1,1,1,1,1,1,1,1,1
3.0,0.0,0.0,2.0,5472.356,25.0,4.0,0.0,0.0,2.0,1237.639,14.0,5.0,0.0,0.0,2.0,8121.643,34.0,6.0,1.0,0.0,2.0,5381.875,25.0,7.0,1.0,0.0,2.0,4105.317,16.0,1.0,0.0,0.0,2.0,5489.849,40.0,2.0,0.0,0.0,2.0,4682.926,19.0,3.0,0.0,0.0,2.0,2600.1180000000004,39.0,3.875,0.25,0.0,2.0,4636.465375,26.5,2.03100960115899,0.4629100498862757,0.0,0.0,2074.060333887196,10.155927192672127,0.2238027108715141,1.4401645996461911,0.0,0.0,-0.0833657146937869,0.2356605906234644,-6.0,1,1,1,1,1,1,1,1,1,1,1,1,1,1,1,1,1,1,1,1,1,1,1,1,1,1,1,1,1,1,1,1,1,1,1,1,1,1,1,1,1,1,1,1,1,1,1,1,1,1,1,1,1,1,1,1,1,1,1,1,1,1,1,1,1,1,1,1
2.0,0.0,0.0,2.0,3682.596,19.0,3.0,0.0,0.0,2.0,3856.526,28.0,4.0,0.0,0.0,2.0,3200.678,29.0,5.0,0.0,0.0,2.0,9435.321,22.0,6.0,1.0,0.0,2.0,4574.16,15.0,7.0,1.0,0.0,2.0,1889.16,15.0,1.0,0.0,0.0,2.0,5357.354,17.0,2.0,0.0,0.0,2.0,2283.984,20.0,3.75,0.25,0.0,2.0,4284.972374999999,20.625,2.1213203435596424,0.4629100498862757,0.0,0.0,2367.2078817906936,5.423164600647327,0.3142696805273544,1.4401645996461911,0.0,0.0,1.644713102078807,0.696264370014197,-4.0,1,1,1,1,1,1,1,1,1,1,1,1,1,1,1,1,1,1,1,1,1,1,1,1,1,1,1,1,1,1,1,1,1,1,1,1,1,1,1,1,1,1,1,1,1,1,1,1,1,1,1,1,1,1,1,1,1,1,1,1,1,1,1,1,1,1,1,1
5.0,0.0,0.0,2.0,9435.321,22.0,6.0,1.0,0.0,2.0,4574.16,15.0,7.0,1.0,0.0,2.0,1889.16,15.0,1.0,0.0,0.0,2.0,5357.354,17.0,2.0,0.0,0.0,2.0,2283.984,20.0,3.0,0.0,0.0,2.0,2443.956,18.0,4.0,0.0,0.0,2.0,2096.4210000000003,21.0,5.0,0.0,0.0,2.0,4023.558,19.0,4.125,0.25,0.0,2.0,4012.98925,18.375,2.03100960115899,0.4629100498862757,0.0,0.0,2539.944643137762,2.615202805574687,-0.2238027108715141,1.4401645996461911,0.0,0.0,1.585334199252065,-0.0988396154729125,4.0,1,1,1,1,1,1,1,1,1,1,1,1,1,1,2,1,1,1,1,1,1,1,1,1,1,1,1,1,1,1,1,1,1,1,1,1,1,1,1,1,1,1,1,1,1,1,1,1,1,1,1,1,1,1,1,1,1,1,1,1,1,1,1,1,1,1,1,1
6.0,1.0,0.0,2.0,3777.804,12.0,7.0,1.0,0.0,2.0,2008.718,16.0,1.0,0.0,0.0,2.0,6468.97,22.0,2.0,0.0,0.0,2.0,1319.509,25.0,3.0,0.0,0.0,2.0,4469.339,27.0,4.0,0.0,0.0,2.0,5317.011,43.0,5.0,0.0,0.0,2.0,3473.047,16.0,6.0,1.0,0.0,2.0,4456.953,25.0,4.25,0.375,0.0,2.0,3911.418875,23.25,2.1213203435596424,0.5175491695067657,0.0,0.0,1676.4728953426884,9.587938851941612,-0.3142696805273544,0.6440611887195306,0.0,0.0,-0.1837406293857294,1.2057041392036572,-4.0,1,1,1,1,1,1,1,1,1,1,1,1,1,1,1,1,1,1,1,1,1,1,1,1,1,1,1,1,1,1,1,1,1,1,1,1,1,1,1,1,1,1,1,1,1,1,1,1,1,1,1,1,1,1,1,1,1,1,1,1,1,1,1,1,1,1,1,1
3.0,0.0,0.0,2.0,4469.339,27.0,4.0,0.0,0.0,2.0,5317.011,43.0,5.0,0.0,0.0,2.0,3473.047,16.0,6.0,1.0,0.0,2.0,4456.953,25.0,7.0,1.0,0.0,2.0,3775.6370000000006,17.0,1.0,0.0,0.0,2.0,5255.178,39.0,2.0,0.0,0.0,2.0,5962.518,38.0,3.0,0.0,0.0,2.0,4543.425,35.0,3.875,0.25,0.0,2.0,4656.6385,30.0,2.03100960115899,0.4629100498862757,0.0,0.0,825.0097679425203,10.26784161489509,0.2238027108715141,1.4401645996461911,0.0,0.0,0.1260109634130769,-0.2692121427220384,-4.0,1,1,1,1,1,1,1,1,1,1,1,1,1,1,1,1,1,1,1,1,1,1,1,1,1,1,1,1,1,1,1,1,1,1,1,1,1,1,1,1,1,1,1,1,1,1,1,1,1,1,1,1,1,1,1,1,1,1,1,1,1,1,1,1,1,1,1,1
6.0,1.0,0.0,2.0,3846.172,14.0,7.0,1.0,0.0,2.0,2292.708,22.0,1.0,0.0,0.0,2.0,3243.9370000000004,16.0,2.0,0.0,0.0,2.0,2522.76,14.0,3.0,0.0,0.0,2.0,0.05,1.0,6.0,1.0,0.0,2.0,1331.388,5.0,7.0,1.0,0.0,2.0,6189.947,36.0,1.0,0.0,0.0,2.0,4782.691,29.0,4.125,0.5,0.0,2.0,3026.206625,17.125,2.6423744732991303,0.5345224838248488,0.0,0.0,1950.6684964098067,11.642747589318056,-0.1171154651727481,0.0,0.0,0.0,0.1166237519580351,0.298970027321819,0.0,1,1,1,1,1,1,1,1,1,1,1,1,1,1,1,1,1,1,1,1,1,1,1,1,1,1,1,1,1,1,1,1,1,1,1,1,1,1,2,1,1,1,1,1,1,1,1,1,1,1,1,1,1,1,1,2,1,1,1,1,1,1,1,1,1,1,1,1
6.0,1.0,0.0,2.0,1331.388,5.0,7.0,1.0,0.0,2.0,6189.947,36.0,1.0,0.0,0.0,2.0,4782.691,29.0,2.0,0.0,0.0,2.0,4972.501,34.0,3.0,0.0,0.0,2.0,8723.53,51.0,4.0,0.0,0.0,2.0,3860.421,21.0,5.0,0.0,1.0,2.0,7832.742,41.0,6.0,1.0,1.0,2.0,5408.075,34.0,4.25,0.375,0.25,2.0,5387.661875,31.375,2.1213203435596424,0.5175491695067657,0.4629100498862757,0.0,2301.387216240826,13.741880719693564,-0.3142696805273544,0.6440611887195306,1.4401645996461911,0.0,-0.2865780865161587,-0.7995230477342502,6.0,1,1,1,1,1,1,1,1,1,1,1,1,1,1,1,1,1,1,1,1,1,1,1,1,1,1,1,1,1,1,1,1,1,1,1,1,1,1,1,2,1,1,1,1,1,2,1,1,1,1,1,2,1,1,1,1,1,2,1,1,1,1,1,2,1,1,1,1
2.0,0.0,0.0,2.0,4972.501,34.0,3.0,0.0,0.0,2.0,8723.53,51.0,4.0,0.0,0.0,2.0,3860.421,21.0,5.0,0.0,1.0,2.0,7832.742,41.0,6.0,1.0,1.0,2.0,5408.075,34.0,7.0,1.0,1.0,2.0,5220.646000000001,45.0,1.0,0.0,1.0,2.0,5069.973,42.0,2.0,0.0,1.0,2.0,3669.312,26.0,3.75,0.25,0.625,2.0,5594.650000000001,36.75,2.1213203435596424,0.4629100498862757,0.5175491695067657,0.0,1786.8754472830103,9.967805317979623,0.3142696805273544,1.4401645996461911,-0.6440611887195306,0.0,0.969688143040185,-0.2912323653165357,-6.0,1,1,1,1,1,1,1,1,1,1,1,1,1,1,1,1,1,1,1,1,1,2,1,1,1,1,1,2,1,1,1,1,1,2,1,1,1,1,1,2,1,1,1,1,1,2,1,1,1,1,1,2,1,1,1,1,1,2,1,1,1,1,1,0,1,1,1,1
6.0,1.0,1.0,2.0,5408.075,34.0,7.0,1.0,1.0,2.0,5220.646000000001,45.0,1.0,0.0,1.0,2.0,5069.973,42.0,2.0,0.0,1.0,2.0,3669.312,26.0,3.0,0.0,1.0,2.0,4980.85,24.0,4.0,0.0,1.0,2.0,3017.449,32.0,5.0,0.0,1.0,2.0,5189.967000000001,38.0,6.0,1.0,1.0,2.0,8242.392,43.0,4.25,0.375,1.0,2.0,5099.8330000000005,35.5,2.1213203435596424,0.5175491695067657,0.0,0.0,1530.2274409267216,7.855844048495726,-0.3142696805273544,0.6440611887195306,0.0,0.0,1.015735403725804,-0.335914113441979,0.0,1,1,1,2,1,1,1,1,1,2,1,1,1,1,1,2,1,1,1,1,1,2,1,1,1,1,1,2,1,1,1,1,1,2,1,1,1,1,1,2,1,1,1,1,1,2,1,1,1,1,1,2,1,1,1,1,1,1,1,1,1,1,1,1,1,1,1,1
2.0,0.0,1.0,2.0,3669.312,26.0,3.0,0.0,1.0,2.0,4980.85,24.0,4.0,0.0,1.0,2.0,3017.449,32.0,5.0,0.0,1.0,2.0,5189.967000000001,38.0,6.0,1.0,1.0,2.0,8242.392,43.0,7.0,1.0,0.0,2.0,7210.796,32.0,1.0,0.0,0.0,2.0,4277.062,43.0,2.0,0.0,0.0,2.0,7643.647999999999,38.0,3.75,0.25,0.625,2.0,5528.9345,34.5,2.1213203435596424,0.4629100498862757,0.5175491695067657,0.0,1942.4490615582613,7.211102550927978,0.3142696805273544,1.4401645996461911,-0.6440611887195306,0.0,0.2535352825351299,-0.248395966990968,12.0,1,1,1,2,1,1,1,1,1,2,1,1,1,1,1,2,1,1,1,1,1,2,1,1,1,1,1,2,1,1,1,1,1,1,1,1,1,1,1,1,1,1,1,1,1,1,1,1,1,1,1,2,1,1,1,1,1,2,1,1,1,1,1,0,1,1,1,1
5.0,0.0,1.0,2.0,5189.967000000001,38.0,6.0,1.0,1.0,2.0,8242.392,43.0,7.0,1.0,0.0,2.0,7210.796,32.0,1.0,0.0,0.0,2.0,4277.062,43.0,2.0,0.0,0.0,2.0,7643.647999999999,38.0,3.0,0.0,0.0,2.0,7431.216,41.0,4.0,0.0,0.0,2.0,6121.222,41.0,5.0,0.0,0.0,3.0,5396.075000000001,41.0,4.125,0.25,0.25,2.125,6439.04725,39.625,2.03100960115899,0.4629100498862757,0.4629100498862757,0.3535533905932738,1399.3006371460554,3.62284418654736,-0.2238027108715141,1.4401645996461911,1.4401645996461911,2.8284271247461903,-0.2900431317720286,-1.47101322228245,-9.0,1,1,1,2,1,1,1,1,1,2,1,1,1,1,2,1,1,1,1,1,1,1,1,1,1,1,1,1,1,1,1,1,1,1,1,1,1,1,1,1,1,1,1,1,1,1,1,1,1,1,1,2,1,1,1,1,1,2,2,1,1,1,1,2,2,1,1,1
1.0,0.0,0.0,2.0,4277.062,43.0,2.0,0.0,0.0,2.0,7643.647999999999,38.0,3.0,0.0,0.0,2.0,7431.216,41.0,4.0,0.0,0.0,2.0,6121.222,41.0,5.0,0.0,0.0,3.0,5396.075000000001,41.0,6.0,1.0,0.0,3.0,5724.931,42.0,7.0,1.0,0.0,3.0,6992.235000000001,52.0,1.0,0.0,0.0,3.0,5663.071999999999,56.0,3.625,0.25,0.0,2.5,6156.182625,44.25,2.2638462845343543,0.4629100498862757,0.0,0.5345224838248488,1138.6999570730948,6.273527146441853,0.2262499558606612,1.4401645996461911,0.0,0.0,-0.1711078145173478,1.3324795521462591,-5.0,1,1,1,1,1,1,1,1,1,1,1,1,1,1,1,1,1,1,1,1,1,1,1,1,1,1,1,1,1,1,1,1,1,1,1,1,1,1,2,1,1,1,1,1,1,1,1,1,1,1,1,1,1,1,1,2,1,1,2,1,1,1,1,1,1,1,1,1
3.0,0.0,0.0,2.0,7431.216,41.0,4.0,0.0,0.0,2.0,6121.222,41.0,5.0,0.0,0.0,3.0,5396.075000000001,41.0,6.0,1.0,0.0,3.0,5724.931,42.0,7.0,1.0,0.0,3.0,6992.235000000001,52.0,1.0,0.0,0.0,3.0,5663.071999999999,56.0,2.0,0.0,0.0,3.0,4665.629,48.0,3.0,0.0,0.0,3.0,3804.725,28.0,3.875,0.25,0.0,2.75,5724.888125,43.625,2.03100960115899,0.4629100498862757,0.0,0.4629100498862757,1170.8238299757068,8.534593470944337,0.2238027108715141,1.4401645996461911,0.0,-1.4401645996461911,-0.1469342723103439,-0.4004583768435834,5.0,1,1,1,1,1,1,1,1,1,1,1,1,1,1,1,1,1,1,1,1,1,1,1,1,1,1,1,1,1,1,1,1,1,1,1,1,1,1,1,1,1,1,1,1,1,1,1,1,1,1,1,1,1,1,1,1,1,1,2,1,1,1,1,1,0,1,1,1
3.0,0.0,0.0,3.0,3804.725,28.0,4.0,0.0,0.0,3.0,6607.5380000000005,36.0,5.0,0.0,0.0,3.0,5970.284000000001,43.0,6.0,1.0,0.0,3.0,7096.317,41.0,7.0,1.0,0.0,3.0,7999.535,31.0,1.0,0.0,0.0,3.0,6361.742,60.0,2.0,0.0,0.0,3.0,6498.183999999999,47.0,3.0,0.0,0.0,3.0,7780.898999999999,62.0,3.875,0.25,0.0,3.0,6514.903,43.5,2.03100960115899,0.4629100498862757,0.0,0.0,1299.3907360093256,12.45563555756418,0.2238027108715141,1.4401645996461911,0.0,0.0,-1.265218461661614,0.4684027656945475,-6.0,1,1,1,1,1,1,1,1,1,1,1,1,1,1,1,1,1,1,1,1,1,1,1,1,1,1,1,1,1,1,1,1,1,1,1,1,1,1,1,1,1,1,1,1,1,1,1,1,1,1,1,1,1,1,1,1,1,1,1,1,1,1,1,1,1,1,1,1
6.0,1.0,0.0,3.0,7096.317,41.0,7.0,1.0,0.0,3.0,7999.535,31.0,1.0,0.0,0.0,3.0,6361.742,60.0,2.0,0.0,0.0,3.0,6498.183999999999,47.0,3.0,0.0,0.0,3.0,7780.898999999999,62.0,4.0,0.0,0.0,3.0,8641.461,67.0,5.0,0.0,0.0,3.0,5084.575,42.0,6.0,1.0,0.0,3.0,6474.094,32.0,4.25,0.375,0.0,3.0,6992.100875,47.75,2.1213203435596424,0.5175491695067657,0.0,0.0,1128.631794817505,13.791819521523829,-0.3142696805273544,0.6440611887195306,0.0,0.0,-0.1920445726197939,0.200448624901544,12.0,1,1,1,1,1,1,1,1,1,1,1,1,1,1,1,1,1,1,1,1,1,1,1,1,1,1,1,1,1,1,1,1,1,1,1,1,1,1,1,1,1,1,1,1,1,1,1,1,1,1,1,1,1,1,1,1,1,1,1,1,1,1,1,1,1,1,1,1
7.0,1.0,0.0,3.0,8523.172,58.0,1.0,0.0,0.0,3.0,5418.121,33.0,2.0,0.0,0.0,3.0,7924.857,41.0,3.0,0.0,0.0,3.0,4651.692,30.0,4.0,0.0,0.0,3.0,6316.786,35.0,5.0,0.0,0.0,3.0,5600.441000000001,35.0,6.0,1.0,0.0,3.0,3214.925,23.0,7.0,1.0,0.0,3.0,8134.254999999999,32.0,4.375,0.375,0.0,3.0,6223.031125,35.875,2.2638462845343543,0.5175491695067657,0.0,0.0,1867.0731070205225,10.287822204640092,-0.2262499558606612,0.6440611887195306,0.0,0.0,-0.2277413887708718,1.4947703405080006,0.0,1,1,1,1,1,1,1,1,1,1,1,1,1,1,1,1,1,1,1,1,1,1,1,1,1,1,1,1,1,1,1,1,1,1,1,1,1,1,2,1,1,1,1,1,1,1,1,1,1,1,1,1,1,1,1,2,1,1,1,1,1,1,1,1,1,1,1,1
3.0,0.0,0.0,3.0,4651.692,30.0,4.0,0.0,0.0,3.0,6316.786,35.0,5.0,0.0,0.0,3.0,5600.441000000001,35.0,6.0,1.0,0.0,3.0,3214.925,23.0,7.0,1.0,0.0,3.0,8134.254999999999,32.0,1.0,0.0,0.0,3.0,5078.184,35.0,2.0,0.0,0.0,3.0,4882.76,39.0,3.0,0.0,0.0,3.0,6979.484,56.0,3.875,0.25,0.0,3.0,5607.315875,35.625,2.03100960115899,0.4629100498862757,0.0,0.0,1521.9055101740464,9.500939803138271,0.2238027108715141,1.4401645996461911,0.0,0.0,0.2151747436107395,1.3899400656977303,9.0,1,1,1,1,1,1,1,1,1,1,1,1,1,1,1,1,1,1,1,1,1,1,1,1,1,1,1,1,1,1,1,1,1,1,1,1,1,1,1,1,1,1,1,1,1,1,1,1,1,1,1,1,1,1,1,1,1,1,1,1,1,1,1,1,1,1,1,1
3.0,0.0,0.0,3.0,7826.581,30.0,4.0,0.0,0.0,3.0,7354.593999999999,45.0,5.0,0.0,0.0,3.0,4410.197,26.0,6.0,1.0,0.0,3.0,6470.414000000001,41.0,7.0,1.0,0.0,3.0,1819.2180000000003,13.0,1.0,0.0,0.0,3.0,5851.516,56.0,2.0,0.0,0.0,3.0,9222.173,39.0,3.0,0.0,0.0,3.0,10354.223,49.0,3.875,0.25,0.0,3.0,6663.6145,37.375,2.03100960115899,0.4629100498862757,0.0,0.0,2705.5407363714608,13.804114293520298,0.2238027108715141,1.4401645996461911,0.0,0.0,-0.5458576746634453,-0.5668492912568832,0.0,1,1,1,1,1,1,1,1,1,1,1,1,1,1,1,1,1,1,1,1,1,1,1,1,1,1,1,1,1,1,1,1,1,1,1,1,1,1,1,1,1,1,1,1,1,1,1,1,1,1,1,1,1,1,1,1,1,1,1,1,1,1,1,1,1,1,1,1
6.0,1.0,0.0,3.0,6470.414000000001,41.0,7.0,1.0,0.0,3.0,1819.2180000000003,13.0,1.0,0.0,0.0,3.0,5851.516,56.0,2.0,0.0,0.0,3.0,9222.173,39.0,3.0,0.0,0.0,3.0,10354.223,49.0,4.0,0.0,0.0,3.0,5530.577,36.0,5.0,0.0,0.0,3.0,4593.634,25.0,6.0,1.0,0.0,3.0,1350.513,5.0,4.25,0.375,0.0,3.0,5649.0335000000005,33.0,2.1213203435596424,0.5175491695067657,0.0,0.0,3159.8929571813483,17.4928556845359,-0.3142696805273544,0.6440611887195306,0.0,0.0,0.0819419651916961,-0.4784666409017894,-3.0,1,1,1,1,1,1,1,1,1,1,1,1,1,1,1,1,1,1,1,1,1,1,1,1,1,1,1,1,1,1,1,1,1,1,1,1,1,1,1,1,1,1,1,1,1,1,1,1,1,1,1,1,1,1,1,1,1,1,1,1,1,1,1,1,1,1,1,1
6.0,1.0,0.0,3.0,1350.513,5.0,7.0,1.0,0.0,3.0,5466.453,39.0,1.0,0.0,0.0,3.0,5951.329,31.0,2.0,0.0,0.0,3.0,5495.984,42.0,3.0,0.0,0.0,3.0,3894.861,22.0,4.0,0.0,0.0,3.0,6139.951000000001,30.0,5.0,0.0,0.0,3.0,12292.297,34.0,6.0,1.0,0.0,3.0,4860.198,37.0,4.25,0.375,0.0,3.0,5681.448250000001,30.0,2.1213203435596424,0.5175491695067657,0.0,0.0,3086.61505875624,11.832159566199232,-0.3142696805273544,0.6440611887195306,0.0,0.0,1.305328769468572,-1.5261071113954927,0.0,1,1,1,1,1,1,1,1,1,1,1,1,1,1,1,1,1,1,1,1,1,1,1,1,1,1,1,1,1,1,1,1,1,1,1,1,1,1,1,1,1,1,1,1,1,1,1,1,1,1,1,1,1,1,1,1,1,1,1,1,1,1,1,1,1,1,1,1
6.0,1.0,0.0,3.0,4860.198,37.0,7.0,1.0,0.0,3.0,5817.012,31.0,1.0,0.0,0.0,3.0,8811.223,26.0,2.0,0.0,0.0,3.0,9139.354,52.0,3.0,0.0,0.0,3.0,9234.705,31.0,4.0,0.0,0.0,3.0,5081.278,35.0,5.0,0.0,0.0,3.0,7292.305,34.0,6.0,1.0,0.0,3.0,7468.763,25.0,4.25,0.375,0.0,3.0,7213.104749999999,33.875,2.1213203435596424,0.5175491695067657,0.0,0.0,1790.9634254108475,8.425090080061036,-0.3142696805273544,0.6440611887195306,0.0,0.0,-0.1965456236995318,1.513329470161092,0.0,1,1,1,1,1,1,1,1,1,1,1,1,1,1,1,1,1,1,1,1,1,1,1,1,1,1,1,1,1,1,1,1,1,1,1,1,1,1,1,1,1,1,1,1,1,1,1,1,1,1,1,1,1,1,1,1,1,1,1,1,1,1,1,1,1,1,1,1
6.0,1.0,0.0,3.0,7468.763,25.0,7.0,1.0,0.0,3.0,6196.263,26.0,1.0,0.0,0.0,3.0,7354.191,35.0,2.0,0.0,1.0,3.0,8959.042000000001,39.0,3.0,0.0,1.0,3.0,6935.468,26.0,4.0,0.0,1.0,3.0,4076.229,23.0,5.0,0.0,1.0,3.0,7483.878,30.0,6.0,1.0,1.0,3.0,6926.679999999999,16.0,4.25,0.375,0.625,3.0,6925.064249999999,27.5,2.1213203435596424,0.5175491695067657,0.5175491695067657,0.0,1392.6450058025507,7.151423434733616,-0.3142696805273544,0.6440611887195306,-0.6440611887195306,0.0,-1.0351737032190318,0.1687361854080276,9.0,1,1,1,1,1,1,1,1,1,1,1,1,1,1,1,1,1,1,1,1,1,2,1,1,1,1,1,2,1,1,1,1,1,2,1,1,1,1,1,2,1,1,1,1,1,2,1,1,1,1,1,2,1,1,1,1,1,2,1,1,1,1,1,0,1,1,1,1
2.0,0.0,1.0,3.0,8959.042000000001,39.0,3.0,0.0,1.0,3.0,6935.468,26.0,4.0,0.0,1.0,3.0,4076.229,23.0,5.0,0.0,1.0,3.0,7483.878,30.0,6.0,1.0,1.0,3.0,6926.679999999999,16.0,7.0,1.0,1.0,3.0,1392.019,4.0,1.0,0.0,1.0,3.0,7086.066,21.0,2.0,0.0,1.0,3.0,4345.421,17.0,3.75,0.25,1.0,3.0,5900.600375,22.0,2.1213203435596424,0.4629100498862757,0.0,0.0,2433.8145302874977,10.392304845413264,0.3142696805273544,1.4401645996461911,0.0,0.0,-0.8594389675842976,-0.1160810065037342,-10.0,1,1,1,2,1,1,1,1,1,2,1,1,1,1,1,2,1,1,1,1,1,2,1,1,1,1,1,2,1,1,1,1,1,2,1,1,1,1,1,2,1,1,1,1,1,2,1,1,1,1,1,2,1,1,1,1,1,1,1,1,1,1,1,1,1,1,1,1
6.0,1.0,1.0,4.0,4832.533,21.0,7.0,1.0,1.0,4.0,5549.28,10.0,1.0,0.0,1.0,4.0,4303.641,15.0,2.0,0.0,1.0,4.0,2099.224,18.0,3.0,0.0,1.0,4.0,3663.609,22.0,4.0,0.0,1.0,4.0,3097.673,14.0,5.0,0.0,1.0,4.0,7164.252,22.0,6.0,1.0,1.0,4.0,7315.583,39.0,4.25,0.375,1.0,4.0,4753.224375,20.125,2.1213203435596424,0.5175491695067657,0.0,0.0,1859.058347274458,8.741322227541684,-0.3142696805273544,0.6440611887195306,0.0,0.0,0.1994517569149127,1.5189504077089322,0.0,1,1,1,2,1,1,1,1,1,2,1,1,1,1,1,2,1,1,1,1,1,2,1,1,1,1,1,2,1,1,1,1,1,2,1,1,1,1,1,2,1,1,1,1,1,2,1,1,1,1,1,2,1,1,1,1,1,1,1,1,1,1,1,1,1,1,1,1
2.0,0.0,0.0,4.0,6077.325,24.0,3.0,0.0,0.0,4.0,7352.957,59.0,4.0,0.0,0.0,4.0,2455.92,23.0,5.0,0.0,0.0,4.0,5693.257,38.0,6.0,1.0,0.0,4.0,7822.391,48.0,7.0,1.0,0.0,4.0,10364.627,72.0,1.0,0.0,0.0,4.0,8290.297999999999,39.0,2.0,0.0,0.0,4.0,5779.789,25.0,3.75,0.25,0.0,4.0,6729.5705,41.0,2.1213203435596424,0.4629100498862757,0.0,0.0,2326.797824647673,17.7924542593603,0.3142696805273544,1.4401645996461911,0.0,0.0,-0.4070445880994188,0.7131973195459999,0.0,1,1,1,1,1,1,1,1,1,1,1,1,1,1,1,1,1,1,1,1,1,1,1,1,1,1,1,1,1,1,1,1,1,1,1,1,1,1,1,1,1,1,1,1,1,1,1,1,1,1,1,1,1,1,1,1,1,1,1,1,1,1,1,1,1,1,1,1
3.0,0.0,0.0,4.0,5319.751,33.0,4.0,0.0,0.0,4.0,3876.736,35.0,5.0,0.0,0.0,4.0,11866.953,50.0,6.0,1.0,0.0,4.0,941.737,8.0,7.0,1.0,0.0,4.0,16051.715,80.0,1.0,0.0,0.0,4.0,6585.525,39.0,2.0,0.0,0.0,4.0,9805.842,68.0,3.0,0.0,0.0,4.0,8298.259,56.0,3.875,0.25,0.0,4.0,7843.31475,46.125,2.03100960115899,0.4629100498862757,0.0,0.0,4765.080098014086,22.48451848336031,0.2238027108715141,1.4401645996461911,0.0,0.0,0.3814142086194838,-0.1517172316068323,0.0,1,1,1,1,1,1,1,1,1,1,1,1,1,1,1,1,1,1,1,1,1,1,1,1,1,1,1,1,1,1,1,1,1,1,1,1,1,1,1,1,1,1,1,1,1,1,1,1,1,1,1,1,1,1,1,1,1,1,1,2,1,1,1,1,1,1,1,1
6.0,1.0,0.0,4.0,941.737,8.0,7.0,1.0,0.0,4.0,16051.715,80.0,1.0,0.0,0.0,4.0,6585.525,39.0,2.0,0.0,0.0,4.0,9805.842,68.0,3.0,0.0,0.0,4.0,8298.259,56.0,4.0,0.0,0.0,4.0,6224.007,43.0,5.0,0.0,0.0,4.0,7384.683000000001,47.0,6.0,1.0,0.0,4.0,7208.751,55.0,4.25,0.375,0.0,4.0,7812.564875,49.5,2.1213203435596424,0.5175491695067657,0.0,0.0,4206.758847751232,21.467583535580868,-0.3142696805273544,0.6440611887195306,0.0,0.0,0.6059281214092176,-0.727289272475858,-3.0,1,1,1,1,1,1,1,1,1,1,1,2,1,1,1,1,1,1,1,1,1,1,1,1,1,1,1,1,1,1,1,1,1,1,1,1,1,1,1,1,1,1,1,1,1,1,1,1,1,1,1,1,1,1,1,1,1,1,1,1,1,1,1,1,1,1,1,1
2.0,0.0,0.0,4.0,9805.842,68.0,3.0,0.0,0.0,4.0,8298.259,56.0,4.0,0.0,0.0,4.0,6224.007,43.0,5.0,0.0,0.0,4.0,7384.683000000001,47.0,6.0,1.0,0.0,4.0,7208.751,55.0,7.0,1.0,0.0,4.0,9413.791,46.0,1.0,0.0,0.0,4.0,4754.815,48.0,2.0,0.0,0.0,4.0,8944.044,42.0,3.75,0.25,0.0,4.0,7754.274000000001,50.625,2.1213203435596424,0.4629100498862757,0.0,0.0,1709.0960225393171,8.650970218090322,0.3142696805273544,1.4401645996461911,0.0,0.0,-0.6002140038400186,1.2458829065542014,0.0,1,1,1,1,1,1,1,1,1,1,1,1,1,1,1,1,1,1,1,1,1,1,1,1,1,1,1,1,1,1,1,1,1,1,1,1,1,1,1,1,1,1,1,1,1,1,1,1,1,1,1,1,1,1,1,1,1,1,1,1,1,1,1,1,1,1,1,1
3.0,0.0,0.0,4.0,7506.273,56.0,4.0,0.0,0.0,4.0,7816.057,50.0,5.0,0.0,0.0,4.0,10984.569,52.0,6.0,1.0,0.0,4.0,6951.435,41.0,7.0,1.0,0.0,4.0,7409.734999999999,79.0,1.0,0.0,0.0,4.0,6488.443,39.0,2.0,0.0,0.0,4.0,8562.633,69.0,3.0,0.0,0.0,4.0,8512.723999999998,79.0,3.875,0.25,0.0,4.0,8028.983625,58.125,2.03100960115899,0.4629100498862757,0.0,0.0,1388.2507377455718,15.842415941299574,0.2238027108715141,1.4401645996461911,0.0,0.0,1.47984806411327,0.3202970831340792,3.0,1,1,1,1,1,1,1,1,1,1,1,1,1,1,1,1,1,1,1,1,1,1,1,1,1,1,1,1,1,1,1,1,1,1,1,1,1,1,1,1,1,1,1,1,1,1,1,1,1,1,1,1,1,1,1,1,1,1,1,1,1,1,1,1,1,1,1,1
4.0,0.0,0.0,4.0,8733.712,64.0,5.0,0.0,0.0,4.0,9250.877,43.0,6.0,1.0,0.0,4.0,6562.927,42.0,7.0,1.0,0.0,4.0,7959.487999999999,68.0,1.0,0.0,0.0,4.0,600.161,5.0,2.0,0.0,0.0,4.0,7263.790999999999,56.0,3.0,0.0,0.0,4.0,8428.864,61.0,4.0,0.0,0.0,4.0,9053.537,37.0,4.0,0.25,0.0,4.0,7231.669624999999,47.0,2.0,0.4629100498862757,0.0,0.0,2829.4542516391457,20.396078054371134,0.0,1.4401645996461911,0.0,0.0,-2.288550113983342,-1.2937468942323196,0.0,1,1,1,1,1,1,1,1,1,1,1,1,1,1,2,1,1,1,1,1,1,1,1,1,1,1,1,1,1,1,1,1,1,1,1,1,1,1,1,1,1,1,1,1,1,1,1,1,1,1,1,1,1,1,1,1,1,1,1,1,1,1,1,1,1,0,1,1
3.0,0.0,0.0,4.0,7725.537,48.0,4.0,0.0,0.0,4.0,9095.309,51.0,5.0,0.0,0.0,4.0,8657.481,56.0,6.0,1.0,0.0,4.0,8310.128,56.0,7.0,1.0,0.0,4.0,10740.503,86.0,1.0,0.0,0.0,4.0,7497.796,38.0,2.0,0.0,0.0,4.0,10619.999,93.0,3.0,0.0,0.0,4.0,7526.849000000001,50.0,3.875,0.25,0.0,4.0,8771.70025,59.75,2.03100960115899,0.4629100498862757,0.0,0.0,1303.3009935336995,19.292855820595506,0.2238027108715141,1.4401645996461911,0.0,0.0,0.7518516730571193,1.093727772421195,0.0,1,1,1,1,1,1,1,1,1,1,1,1,1,1,1,1,1,1,1,1,1,1,1,1,1,1,1,1,1,1,1,1,1,1,1,1,1,1,1,1,1,1,1,1,1,1,1,1,1,1,1,1,1,1,1,1,1,1,1,1,1,1,1,1,1,1,1,1
6.0,1.0,0.0,4.0,8310.128,56.0,7.0,1.0,0.0,4.0,10740.503,86.0,1.0,0.0,0.0,4.0,7497.796,38.0,2.0,0.0,0.0,4.0,10619.999,93.0,3.0,0.0,0.0,4.0,7526.849000000001,50.0,4.0,0.0,0.0,4.0,7696.068999999999,41.0,5.0,0.0,0.0,4.0,8713.356,60.0,6.0,1.0,0.0,4.0,7397.836999999999,44.0,4.25,0.375,0.0,4.0,8562.817125,58.5,2.1213203435596424,0.5175491695067657,0.0,0.0,1382.3767183643683,20.577380091463816,-0.3142696805273544,0.6440611887195306,0.0,0.0,1.043238373496156,0.9664976355288728,-3.0,1,1,1,1,1,1,1,1,1,1,1,1,1,1,1,1,1,1,1,1,1,1,1,1,1,1,1,1,1,1,1,1,1,1,1,1,1,1,1,1,1,1,1,1,1,1,1,1,1,1,1,1,1,1,1,1,1,1,1,1,1,1,1,1,1,1,1,1
2.0,0.0,0.0,4.0,10619.999,93.0,3.0,0.0,0.0,4.0,7526.849000000001,50.0,4.0,0.0,0.0,4.0,7696.068999999999,41.0,5.0,0.0,0.0,4.0,8713.356,60.0,6.0,1.0,0.0,4.0,7397.836999999999,44.0,7.0,1.0,0.0,4.0,5418.692999999999,30.0,1.0,0.0,0.0,4.0,7684.757,51.0,2.0,0.0,0.0,4.0,8519.384,27.0,3.75,0.25,0.0,4.0,7947.118,49.5,2.1213203435596424,0.4629100498862757,0.0,0.0,1466.8737121720565,20.681254452143023,0.3142696805273544,1.4401645996461911,0.0,0.0,0.1988611080675469,1.3757177966219076,4.0,1,1,1,1,1,1,1,1,1,1,1,1,1,1,1,1,1,1,1,1,1,1,1,1,1,1,1,1,1,1,1,1,1,1,1,1,1,1,1,1,1,1,1,1,1,1,1,1,1,1,1,1,1,1,1,1,1,1,1,1,1,1,1,1,1,1,1,1
3.0,0.0,0.0,1.0,0.0,0.0,4.0,0.0,0.0,1.0,0.0,0.0,5.0,0.0,0.0,1.0,0.0,0.0,6.0,1.0,0.0,1.0,0.0,0.0,7.0,1.0,0.0,1.0,0.0,0.0,1.0,0.0,0.0,1.0,0.0,0.0,2.0,0.0,0.0,1.0,0.0,0.0,3.0,0.0,0.0,1.0,11794.999,121.0,3.875,0.25,0.0,1.0,1474.374875,15.125,2.03100960115899,0.4629100498862757,0.0,0.0,4170.161888494274,42.77996026178612,0.2238027108715141,1.4401645996461911,0.0,0.0,2.8284271247461907,2.82842712474619,0.0,1,1,1,1,1,1,1,1,1,1,1,1,1,1,1,1,1,1,1,1,1,1,1,1,1,1,1,1,1,1,1,1,1,1,1,1,1,1,1,1,1,1,1,1,1,1,1,1,2,1,1,1,1,1,1,1,1,1,1,1,2,1,1,1,1,2,1,1
1.0,0.0,0.0,1.0,5186.159,69.0,2.0,0.0,0.0,1.0,7318.452,66.0,3.0,0.0,0.0,1.0,9672.829,120.0,4.0,0.0,0.0,1.0,7154.815,102.0,5.0,0.0,0.0,1.0,8655.045,115.0,6.0,1.0,0.0,1.0,10705.158,114.0,7.0,1.0,0.0,1.0,11941.655,147.0,1.0,0.0,0.0,1.0,7781.419,87.0,3.625,0.25,0.0,1.0,8551.9415,102.5,2.2638462845343543,0.4629100498862757,0.0,0.0,2164.293800733295,27.43824234270743,0.2262499558606612,1.4401645996461911,0.0,0.0,0.1343408501332611,0.0646198472306387,-8.0,1,1,1,1,1,1,1,1,1,1,1,1,1,1,1,1,1,1,2,1,1,1,1,1,1,1,1,1,1,1,1,1,1,1,1,1,2,1,2,1,1,1,2,1,1,1,1,1,1,1,1,1,1,1,1,2,1,1,1,1,1,1,1,1,1,1,1,1
5.0,0.0,0.0,1.0,1314.33,4.0,6.0,1.0,0.0,1.0,2405.464,14.0,7.0,1.0,0.0,1.0,10219.02,69.0,1.0,0.0,0.0,1.0,10200.612,49.0,2.0,0.0,0.0,1.0,11439.712,56.0,3.0,0.0,0.0,1.0,9008.522,74.0,4.0,0.0,0.0,1.0,5414.341,56.0,5.0,0.0,0.0,1.0,8661.163,44.0,4.125,0.25,0.0,1.0,7332.8955,45.75,2.03100960115899,0.4629100498862757,0.0,0.0,3820.527941679115,24.82366382535595,-0.2238027108715141,1.4401645996461911,0.0,0.0,-0.7540735644599035,-0.8403028283685403,0.0,1,1,1,1,1,1,1,1,1,1,1,1,1,1,2,1,1,1,1,1,1,1,1,1,1,1,1,1,1,1,1,1,1,1,1,1,1,1,1,1,1,1,1,1,1,1,1,1,1,1,1,1,1,1,1,1,1,1,1,1,1,1,1,1,1,1,1,1
6.0,1.0,0.0,1.0,2405.464,14.0,7.0,1.0,0.0,1.0,10219.02,69.0,1.0,0.0,0.0,1.0,10200.612,49.0,2.0,0.0,0.0,1.0,11439.712,56.0,3.0,0.0,0.0,1.0,9008.522,74.0,4.0,0.0,0.0,1.0,5414.341,56.0,5.0,0.0,0.0,1.0,8661.163,44.0,6.0,1.0,0.0,1.0,6111.39,38.0,4.25,0.375,0.0,1.0,7932.528,50.0,2.1213203435596424,0.5175491695067657,0.0,0.0,3037.092317152472,18.845234335047607,-0.3142696805273544,0.6440611887195306,0.0,0.0,-0.8326336821855823,-0.7822536753487709,-3.0,1,1,1,1,1,1,1,1,1,1,1,1,1,1,1,1,1,1,1,1,1,1,1,1,1,1,1,1,1,1,1,1,1,1,1,1,1,1,1,1,1,1,1,1,1,1,1,1,1,1,1,1,1,1,1,1,1,1,1,1,1,1,1,1,1,1,1,1
2.0,0.0,0.0,1.0,11439.712,56.0,3.0,0.0,0.0,1.0,9008.522,74.0,4.0,0.0,0.0,1.0,5414.341,56.0,5.0,0.0,0.0,1.0,8661.163,44.0,6.0,1.0,0.0,1.0,6111.39,38.0,7.0,1.0,0.0,1.0,6095.879000000001,32.0,1.0,0.0,0.0,1.0,7668.666999999999,47.0,2.0,0.0,0.0,1.0,3757.815,37.0,3.75,0.25,0.0,1.0,7269.686124999999,48.0,2.1213203435596424,0.4629100498862757,0.0,0.0,2420.2442923329886,13.61721599404854,0.3142696805273544,1.4401645996461911,0.0,0.0,0.3716000459083484,0.9133729175948287,0.0,1,1,1,1,1,1,1,1,1,1,1,1,1,1,1,1,1,1,1,1,1,1,1,1,1,1,1,1,1,1,1,1,1,1,1,1,1,1,1,1,1,1,1,1,1,1,1,1,1,1,1,1,1,1,1,1,1,1,1,1,1,1,1,1,1,1,1,1
5.0,0.0,0.0,1.0,8661.163,44.0,6.0,1.0,0.0,1.0,6111.39,38.0,7.0,1.0,0.0,1.0,6095.879000000001,32.0,1.0,0.0,0.0,1.0,7668.666999999999,47.0,2.0,0.0,0.0,1.0,3757.815,37.0,3.0,0.0,0.0,1.0,9459.961,89.0,4.0,0.0,0.0,1.0,9687.284,79.0,5.0,0.0,0.0,2.0,11978.874,56.0,4.125,0.25,0.0,1.125,7927.629124999999,52.75,2.03100960115899,0.4629100498862757,0.0,0.3535533905932738,2577.471838174844,20.769139193937303,-0.2238027108715141,1.4401645996461911,0.0,2.8284271247461903,-0.0970464282258306,1.0385343822786814,3.0,1,1,1,1,1,1,1,1,1,1,1,1,1,1,2,1,1,1,1,1,1,1,1,1,1,1,1,1,1,1,1,1,1,1,1,1,1,1,1,1,1,1,1,1,1,1,1,1,1,1,1,1,1,1,1,1,1,1,2,1,1,1,1,1,2,1,1,1
1.0,0.0,0.0,1.0,7668.666999999999,47.0,2.0,0.0,0.0,1.0,3757.815,37.0,3.0,0.0,0.0,1.0,9459.961,89.0,4.0,0.0,0.0,1.0,9687.284,79.0,5.0,0.0,0.0,2.0,11978.874,56.0,6.0,1.0,0.0,2.0,10022.908,66.0,7.0,1.0,0.0,2.0,9877.154,77.0,1.0,0.0,0.0,2.0,12604.221,96.0,3.625,0.25,0.0,1.5,9382.1105,68.375,2.2638462845343543,0.4629100498862757,0.0,0.5345224838248488,2737.273051688643,20.618559600515265,0.2262499558606612,1.4401645996461911,0.0,0.0,-1.2218878699775038,-0.2360623644178794,6.0,1,1,1,1,1,1,1,1,1,1,1,1,1,1,1,1,1,1,1,1,1,1,1,1,1,1,1,1,1,1,1,1,1,1,1,1,1,1,2,1,1,1,1,1,1,1,1,1,1,1,1,1,1,1,1,2,1,1,2,1,1,1,1,1,1,1,1,1
3.0,0.0,0.0,2.0,7722.101,113.0,4.0,0.0,0.0,2.0,10374.515,98.0,5.0,0.0,0.0,2.0,9019.526,117.0,6.0,1.0,0.0,2.0,8161.370000000001,105.0,7.0,1.0,0.0,2.0,6572.484,89.0,1.0,0.0,0.0,2.0,9456.384000000002,93.0,2.0,0.0,0.0,2.0,8802.760999999999,83.0,3.0,0.0,0.0,2.0,12297.527,130.0,3.875,0.25,0.0,2.0,9050.8335,103.5,2.03100960115899,0.4629100498862757,0.0,0.0,1741.060200312524,15.802350638885525,0.2238027108715141,1.4401645996461911,0.0,0.0,0.6612583571973927,0.4316769354995107,0.0,1,1,1,1,1,1,2,1,1,1,1,1,1,1,1,1,1,1,2,1,1,1,1,1,2,1,1,1,1,1,1,1,1,1,1,1,1,1,1,1,1,1,1,1,1,1,1,1,2,1,1,1,1,1,1,1,1,1,1,1,1,1,1,1,1,1,1,1
3.0,0.0,0.0,2.0,6136.061,67.0,4.0,0.0,0.0,2.0,4968.130999999999,52.0,5.0,0.0,0.0,2.0,3441.193,51.0,6.0,1.0,0.0,2.0,5735.914,69.0,7.0,1.0,0.0,2.0,7465.906,66.0,1.0,0.0,0.0,2.0,8289.29,98.0,2.0,0.0,0.0,2.0,7517.090999999999,127.0,3.0,0.0,0.0,2.0,9990.039,102.0,3.875,0.25,0.0,2.0,6692.953125,79.0,2.03100960115899,0.4629100498862757,0.0,0.0,2051.854007222558,27.04493615131253,0.2238027108715141,1.4401645996461911,0.0,0.0,0.0080877121724658,0.7997684808344528,-3.0,1,1,1,1,1,1,1,1,1,1,1,1,1,1,1,1,1,1,1,1,1,1,1,1,1,1,1,1,1,1,1,1,1,1,1,1,1,1,1,1,1,1,2,1,1,1,1,1,1,1,1,1,1,1,1,1,1,1,1,1,1,1,1,1,1,1,1,1
7.0,1.0,0.0,2.0,5388.164,48.0,1.0,0.0,0.0,2.0,6854.981,51.0,2.0,0.0,0.0,2.0,9053.741,91.0,3.0,0.0,0.0,2.0,11182.163,79.0,4.0,0.0,0.0,2.0,2098.366,28.0,5.0,0.0,0.0,2.0,3350.057,51.0,6.0,1.0,0.0,2.0,3996.481,44.0,7.0,1.0,0.0,2.0,1369.874,18.0,4.375,0.375,0.0,2.0,5411.728375000001,51.25,2.2638462845343543,0.5175491695067657,0.0,0.0,3427.078642415596,24.08170615692691,-0.2262499558606612,0.6440611887195306,0.0,0.0,0.6126151035657229,0.4696312131398628,-1.0,1,1,1,1,1,1,1,1,1,1,1,1,1,1,1,1,1,1,1,1,1,1,1,1,1,1,1,1,1,1,1,1,1,1,1,1,1,1,2,1,1,1,1,1,1,1,1,1,1,1,1,1,1,1,1,2,1,1,1,1,1,1,1,1,1,1,1,1
2.0,0.0,0.0,2.0,0.0,0.0,5.0,0.0,0.0,2.0,1744.058,4.0,6.0,1.0,1.0,2.0,14571.834,86.0,7.0,1.0,1.0,2.0,9470.285,60.0,1.0,0.0,1.0,2.0,10609.77,70.0,2.0,0.0,1.0,2.0,7674.112,48.0,3.0,0.0,1.0,2.0,7813.891,69.0,4.0,0.0,1.0,2.0,8853.143,86.0,3.75,0.25,0.75,2.0,7592.136624999999,52.875,2.1213203435596424,0.4629100498862757,0.4629100498862757,0.0,4703.13454943445,33.8206931583947,0.3142696805273544,1.4401645996461911,-1.4401645996461911,0.0,-0.4787489734011068,-0.8981965111759227,-3.0,-1,1,1,1,1,1,1,1,1,1,1,1,1,1,2,2,1,1,1,1,1,2,1,1,1,1,1,2,1,1,1,1,1,2,1,1,1,1,1,2,1,1,1,1,1,2,1,1,1,1,1,2,1,1,1,1,1,2,1,2,1,1,1,0,1,1,1,0
6.0,1.0,0.0,3.0,3962.768000000001,50.0,7.0,1.0,0.0,3.0,10338.555,86.0,1.0,0.0,0.0,3.0,8963.296999999999,67.0,2.0,0.0,0.0,3.0,10332.920000000002,98.0,3.0,0.0,0.0,3.0,5764.388999999999,60.0,4.0,0.0,0.0,3.0,7434.923,61.0,5.0,0.0,0.0,3.0,10772.241999999998,121.0,6.0,1.0,0.0,3.0,9035.404,69.0,4.25,0.375,0.0,3.0,8325.562249999999,76.5,2.1213203435596424,0.5175491695067657,0.0,0.0,2430.910118409138,23.58570995933161,-0.3142696805273544,0.6440611887195306,0.0,0.0,-0.9154382250275958,1.0280179468710882,0.0,1,1,1,1,1,1,1,1,1,1,1,1,1,1,1,1,1,1,1,1,1,1,1,1,1,1,1,1,1,1,1,1,1,1,1,1,1,1,1,1,1,1,2,1,1,1,1,1,1,1,1,1,1,1,1,1,1,1,1,1,1,1,1,1,1,1,1,1
1.0,0.0,0.0,3.0,0.0,0.0,1.0,0.0,0.0,3.0,0.0,0.0,4.0,0.0,0.0,3.0,0.0,0.0,5.0,0.0,0.0,3.0,0.0,0.0,7.0,1.0,0.0,3.0,0.0,0.0,4.0,0.0,1.0,3.0,0.0,0.0,5.0,0.0,1.0,3.0,2140.766,10.0,6.0,1.0,1.0,4.0,0.0,0.0,4.125,0.25,0.375,3.125,267.59575,1.25,2.167124493754009,0.4629100498862757,0.5175491695067657,0.3535533905932738,756.8750777668004,3.5355339059327378,-0.5491673744960932,1.4401645996461911,0.6440611887195306,2.8284271247461903,2.82842712474619,2.82842712474619,1.0,-1,1,1,1,1,1,1,1,1,1,1,1,1,1,1,1,1,1,1,1,1,1,1,1,1,1,1,1,1,1,1,1,1,2,1,1,1,1,1,2,1,1,1,1,1,2,1,1,1,1,1,2,1,1,1,1,1,2,2,1,1,1,1,2,2,2,1,0
5.0,0.0,0.0,3.0,0.0,0.0,7.0,1.0,0.0,3.0,0.0,0.0,4.0,0.0,1.0,3.0,0.0,0.0,5.0,0.0,1.0,3.0,2140.766,10.0,6.0,1.0,1.0,4.0,0.0,0.0,7.0,1.0,1.0,4.0,607.8929999999999,4.0,1.0,0.0,1.0,4.0,150.05,2.0,2.0,0.0,1.0,4.0,5621.481,44.0,4.625,0.375,0.75,3.5,1065.02375,7.5,2.1998376563477846,0.5175491695067657,0.4629100498862757,0.5345224838248488,1982.1262716571205,15.146899729930592,-0.6525137662324878,0.6440611887195306,-1.4401645996461911,0.0,2.205000558815023,2.562205150893442,0.0,-1,1,1,1,1,1,1,1,1,1,1,1,1,1,1,2,1,1,1,1,1,2,1,1,1,1,1,2,1,1,1,1,1,2,1,1,1,1,1,2,1,1,1,1,1,2,1,1,1,1,1,2,1,1,1,1,1,2,2,1,1,1,1,0,1,2,1,0
6.0,1.0,0.0,4.0,6488.145,75.0,7.0,1.0,0.0,4.0,7771.314,72.0,1.0,0.0,0.0,4.0,6298.334000000001,86.0,2.0,0.0,0.0,4.0,6389.558000000001,65.0,3.0,0.0,0.0,4.0,9333.317,91.0,4.0,0.0,0.0,4.0,7380.183,85.0,5.0,0.0,0.0,4.0,6477.33,75.0,6.0,1.0,0.0,4.0,6000.794,37.0,4.25,0.375,0.0,4.0,7017.371875000001,73.25,2.1213203435596424,0.5175491695067657,0.0,0.0,1107.1188526677747,16.926310879810757,-0.3142696805273544,0.6440611887195306,0.0,0.0,1.5331520131195042,-1.5279394690833097,3.0,1,1,1,1,1,1,1,1,1,1,1,1,1,1,1,1,1,1,1,1,1,1,1,1,1,1,1,1,1,1,1,1,1,1,1,1,1,1,1,1,1,1,1,1,1,1,1,1,1,1,1,1,1,1,1,1,1,1,1,1,1,1,1,1,1,1,1,1
3.0,0.0,0.0,4.0,12751.304000000002,81.0,4.0,0.0,0.0,4.0,17699.955,82.0,5.0,0.0,0.0,4.0,15427.916,98.0,6.0,1.0,0.0,4.0,13959.717,64.0,7.0,1.0,0.0,4.0,14089.6,64.0,1.0,0.0,0.0,4.0,13320.968,84.0,2.0,0.0,0.0,4.0,15244.342,70.0,3.0,0.0,0.0,4.0,17414.888,27.0,3.875,0.25,0.0,4.0,14988.58625,71.25,2.03100960115899,0.4629100498862757,0.0,0.0,1818.5556678154344,21.224985276791124,0.2238027108715141,1.4401645996461911,0.0,0.0,0.527824694979497,-1.2754099082507926,0.0,1,1,1,1,1,1,1,1,1,1,1,2,1,1,1,1,1,1,1,1,1,1,1,1,1,1,1,1,1,1,1,1,1,1,1,1,1,1,1,1,1,2,1,1,1,1,1,2,1,1,1,1,1,2,1,1,1,1,1,1,1,1,1,1,1,1,1,1
5.0,0.0,1.0,1.0,8646.578,39.0,6.0,1.0,1.0,1.0,9718.189,49.0,7.0,1.0,1.0,1.0,10756.799,84.0,1.0,0.0,1.0,1.0,10823.156,106.0,2.0,0.0,1.0,1.0,12986.591,73.0,3.0,0.0,0.0,1.0,14528.347,76.0,4.0,0.0,0.0,1.0,13137.84,57.0,5.0,0.0,0.0,1.0,12563.904,67.0,4.125,0.25,0.625,1.0,11645.1755,68.875,2.03100960115899,0.4629100498862757,0.5175491695067657,0.0,1976.793059862579,21.06749357931042,-0.2238027108715141,1.4401645996461911,-0.6440611887195306,0.0,-0.1206353662148721,0.3842713728936929,12.0,1,1,1,2,1,1,1,1,1,2,1,1,1,1,2,2,1,1,1,1,1,2,1,1,2,1,1,2,1,1,1,1,1,1,1,2,1,1,1,1,1,1,1,1,1,1,1,1,1,1,1,2,1,1,1,1,1,2,1,1,1,1,1,0,1,1,1,1
1.0,0.0,1.0,1.0,10823.156,106.0,2.0,0.0,1.0,1.0,12986.591,73.0,3.0,0.0,0.0,1.0,14528.347,76.0,4.0,0.0,0.0,1.0,13137.84,57.0,5.0,0.0,0.0,1.0,12563.904,67.0,6.0,1.0,0.0,1.0,6640.764999999999,42.0,7.0,1.0,0.0,1.0,10155.097000000002,81.0,1.0,0.0,0.0,1.0,10085.918,70.0,3.625,0.25,0.25,1.0,11365.20225,71.5,2.2638462845343543,0.4629100498862757,0.4629100498862757,0.0,2476.4191037221326,18.539533050060506,0.2262499558606612,1.4401645996461911,1.4401645996461911,0.0,-0.8311872875318185,0.3945647228160296,-12.0,1,1,1,2,1,1,1,1,1,2,1,1,1,1,1,1,1,1,1,1,1,1,1,1,1,1,1,1,1,1,1,1,1,1,1,1,1,1,2,1,1,1,1,1,1,1,1,1,1,1,1,2,1,1,1,2,1,2,1,1,1,1,1,2,1,1,1,1
1.0,0.0,0.0,1.0,9875.428999999998,84.0,2.0,0.0,0.0,1.0,8914.226,67.0,3.0,0.0,0.0,1.0,11864.151,74.0,4.0,0.0,0.0,1.0,6001.656,53.0,5.0,0.0,0.0,1.0,9029.542,51.0,6.0,1.0,0.0,1.0,10675.934,74.0,7.0,1.0,0.0,1.0,8319.894,66.0,1.0,0.0,0.0,1.0,13094.592,80.0,3.625,0.25,0.0,1.0,9721.928,68.625,2.2638462845343543,0.4629100498862757,0.0,0.0,2198.5571836548365,11.879604370516722,0.2262499558606612,1.4401645996461911,0.0,0.0,-0.1082337646230371,-0.4425543523823339,0.0,1,1,1,1,1,1,1,1,1,1,1,1,1,1,1,1,1,1,1,1,1,1,1,1,1,1,1,1,1,1,1,1,1,1,1,1,1,1,2,1,1,1,1,1,1,1,1,1,1,1,1,1,1,1,1,2,1,1,1,1,1,1,1,1,1,1,1,1
7.0,1.0,0.0,1.0,7238.188999999999,64.0,1.0,0.0,0.0,1.0,12044.055,77.0,2.0,0.0,0.0,1.0,6167.183,38.0,3.0,0.0,0.0,1.0,5061.009,46.0,4.0,0.0,0.0,1.0,11242.993,55.0,5.0,0.0,0.0,1.0,5964.619000000001,60.0,6.0,1.0,0.0,1.0,9585.132,57.0,7.0,1.0,0.0,1.0,10628.629,69.0,4.375,0.375,0.0,1.0,8491.476125,58.25,2.2638462845343543,0.5175491695067657,0.0,0.0,2701.3580218377697,12.395275597696775,-0.2262499558606612,0.6440611887195306,0.0,0.0,0.0551526967923257,-0.2149106928193443,0.0,1,1,1,1,1,1,1,1,1,1,1,1,1,1,1,1,1,1,1,1,1,1,1,1,1,1,1,1,1,1,1,1,1,1,1,1,1,1,2,1,1,1,1,1,1,1,1,1,1,1,1,1,1,1,1,2,1,1,1,1,1,1,1,1,1,1,1,1
6.0,1.0,0.0,1.0,8498.216,62.0,7.0,1.0,0.0,1.0,8885.743999999999,43.0,1.0,0.0,0.0,1.0,8072.843,65.0,2.0,0.0,0.0,1.0,11755.194,63.0,3.0,0.0,0.0,1.0,10995.331,54.0,4.0,0.0,0.0,1.0,13811.666,94.0,5.0,0.0,0.0,1.0,6686.234,57.0,6.0,1.0,0.0,1.0,7499.099,65.0,4.25,0.375,0.0,1.0,9525.540875,62.875,2.1213203435596424,0.5175491695067657,0.0,0.0,2427.3943236019527,14.574316940622442,-0.3142696805273544,0.6440611887195306,0.0,0.0,0.764106801124887,1.3178531564882023,0.0,1,1,1,1,1,1,1,1,1,1,1,1,1,1,1,1,1,1,1,1,1,1,1,1,1,1,1,1,1,1,1,1,1,1,1,2,1,1,1,1,1,1,1,1,1,1,1,1,1,1,1,1,1,1,1,1,1,1,1,1,1,1,1,1,1,1,1,1
3.0,0.0,0.0,4.0,14431.821,98.0,4.0,0.0,0.0,4.0,5611.218000000001,61.0,5.0,0.0,0.0,4.0,8944.798999999999,82.0,6.0,1.0,0.0,4.0,8199.548,88.0,7.0,1.0,0.0,4.0,7529.605,72.0,1.0,0.0,0.0,4.0,8162.985,69.0,2.0,0.0,0.0,4.0,5312.149,61.0,3.0,0.0,0.0,4.0,10759.061999999998,101.0,3.875,0.25,0.0,4.0,8618.898375,79.0,2.03100960115899,0.4629100498862757,0.0,0.0,2928.373158060482,15.729862409715205,0.2238027108715141,1.4401645996461911,0.0,0.0,1.0727563906364597,0.2572298009386514,0.0,1,1,1,1,1,2,1,1,1,1,1,1,1,1,1,1,1,1,1,1,1,1,1,1,1,1,1,1,1,1,1,1,1,1,1,1,1,1,1,1,1,1,1,1,1,1,1,1,1,1,1,1,1,1,1,1,1,1,1,1,1,1,1,1,1,1,1,1
6.0,1.0,0.0,4.0,8199.548,88.0,7.0,1.0,0.0,4.0,7529.605,72.0,1.0,0.0,0.0,4.0,8162.985,69.0,2.0,0.0,0.0,4.0,5312.149,61.0,3.0,0.0,0.0,4.0,10759.061999999998,101.0,4.0,0.0,0.0,4.0,9907.5,82.0,5.0,0.0,0.0,4.0,6347.805,74.0,6.0,1.0,0.0,4.0,7594.373,52.0,4.25,0.375,0.0,4.0,7976.628375,74.875,2.1213203435596424,0.5175491695067657,0.0,0.0,1758.7775404245117,15.422038960989749,-0.3142696805273544,0.6440611887195306,0.0,0.0,0.1881813769902454,0.2900448881076568,1.0,1,1,1,1,1,1,1,1,1,1,1,1,1,1,1,1,1,1,1,1,1,1,1,1,1,1,1,1,1,1,1,1,1,1,1,1,1,1,1,1,1,1,1,1,1,1,1,1,1,1,1,1,1,1,1,1,1,1,1,1,1,1,1,1,1,1,1,1
5.0,0.0,0.0,4.0,7266.834000000001,63.0,6.0,1.0,0.0,4.0,10000.174,79.0,7.0,1.0,0.0,1.0,11225.482,88.0,1.0,0.0,0.0,1.0,3869.259,17.0,2.0,0.0,0.0,1.0,13199.303,93.0,3.0,0.0,0.0,1.0,8073.168,53.0,4.0,0.0,1.0,1.0,10908.665,84.0,5.0,0.0,1.0,1.0,11866.139,83.0,4.125,0.25,0.25,1.75,9551.128,70.0,2.03100960115899,0.4629100498862757,0.4629100498862757,1.3887301496588271,3004.8167823333256,25.202040733695696,-0.2238027108715141,1.4401645996461911,1.4401645996461911,1.4401645996461911,-0.9150343233887276,-1.552473725691698,-1.0,-1,1,1,1,1,1,1,1,1,1,1,1,1,1,2,1,1,1,1,1,1,1,1,1,1,1,1,1,1,1,1,1,1,1,1,1,1,1,1,2,1,1,1,1,1,2,1,1,1,1,1,2,1,1,1,1,1,2,2,1,1,1,1,2,2,1,1,0
1.0,0.0,0.0,1.0,3869.259,17.0,2.0,0.0,0.0,1.0,13199.303,93.0,3.0,0.0,0.0,1.0,8073.168,53.0,4.0,0.0,1.0,1.0,10908.665,84.0,5.0,0.0,1.0,1.0,11866.139,83.0,6.0,1.0,1.0,1.0,6542.444,44.0,7.0,1.0,1.0,1.0,9787.322,91.0,1.0,0.0,1.0,1.0,9538.525,75.0,3.625,0.25,0.625,1.0,9223.103125,67.5,2.2638462845343543,0.4629100498862757,0.5175491695067657,0.0,3005.392483663487,26.949688574930036,0.2262499558606612,1.4401645996461911,-0.6440611887195306,0.0,-0.6168918001753978,-1.0375425156120015,0.0,1,1,1,1,1,1,1,1,1,1,1,1,1,1,1,1,1,1,1,1,1,2,1,1,1,1,1,2,1,1,1,1,1,2,1,1,1,1,2,2,1,1,1,1,1,2,1,1,1,1,1,2,1,1,1,2,1,2,1,1,1,1,1,0,1,1,1,1
3.0,0.0,0.0,1.0,8073.168,53.0,4.0,0.0,1.0,1.0,10908.665,84.0,5.0,0.0,1.0,1.0,11866.139,83.0,6.0,1.0,1.0,1.0,6542.444,44.0,7.0,1.0,1.0,1.0,9787.322,91.0,1.0,0.0,1.0,1.0,9538.525,75.0,2.0,0.0,1.0,1.0,10256.217,107.0,3.0,0.0,1.0,1.0,9793.207,103.0,3.875,0.25,0.875,1.0,9595.710875,80.0,2.03100960115899,0.4629100498862757,0.3535533905932738,0.0,1649.0051515732955,22.213252157857735,0.2238027108715141,1.4401645996461911,-2.8284271247461903,0.0,-0.7528818783573759,-0.5768165047588024,0.0,1,1,1,1,1,1,1,1,1,2,1,1,1,1,1,2,1,1,1,1,1,2,1,1,1,1,1,2,1,1,1,1,1,2,1,1,1,1,1,2,1,1,1,1,1,2,1,1,2,1,1,2,1,1,1,1,1,2,1,1,1,1,1,0,1,1,1,1
