week_t-7,is_weekend_t-7,is_holiday_t-7,season_t-7,act_in_vehicle_hr_4_t-7,act_on_bike_hr_4_t-7,act_on_foot_hr_4_t-7,act_running_hr_4_t-7,act_still_hr_4_t-7,act_tilting_hr_4_t-7,act_unknown_hr_4_t-7,act_walking_hr_4_t-7,step_hr_4_t-7,week_t-6,is_weekend_t-6,is_holiday_t-6,season_t-6,act_in_vehicle_hr_4_t-6,act_on_bike_hr_4_t-6,act_on_foot_hr_4_t-6,act_running_hr_4_t-6,act_still_hr_4_t-6,act_tilting_hr_4_t-6,act_unknown_hr_4_t-6,act_walking_hr_4_t-6,step_hr_4_t-6,week_t-5,is_weekend_t-5,is_holiday_t-5,season_t-5,act_in_vehicle_hr_4_t-5,act_on_bike_hr_4_t-5,act_on_foot_hr_4_t-5,act_running_hr_4_t-5,act_still_hr_4_t-5,act_tilting_hr_4_t-5,act_unknown_hr_4_t-5,act_walking_hr_4_t-5,step_hr_4_t-5,week_t-4,is_weekend_t-4,is_holiday_t-4,season_t-4,act_in_vehicle_hr_4_t-4,act_on_bike_hr_4_t-4,act_on_foot_hr_4_t-4,act_running_hr_4_t-4,act_still_hr_4_t-4,act_tilting_hr_4_t-4,act_unknown_hr_4_t-4,act_walking_hr_4_t-4,step_hr_4_t-4,week_t-3,is_weekend_t-3,is_holiday_t-3,season_t-3,act_in_vehicle_hr_4_t-3,act_on_bike_hr_4_t-3,act_on_foot_hr_4_t-3,act_running_hr_4_t-3,act_still_hr_4_t-3,act_tilting_hr_4_t-3,act_unknown_hr_4_t-3,act_walking_hr_4_t-3,step_hr_4_t-3,week_t-2,is_weekend_t-2,is_holiday_t-2,season_t-2,act_in_vehicle_hr_4_t-2,act_on_bike_hr_4_t-2,act_on_foot_hr_4_t-2,act_running_hr_4_t-2,act_still_hr_4_t-2,act_tilting_hr_4_t-2,act_unknown_hr_4_t-2,act_walking_hr_4_t-2,step_hr_4_t-2,week_t-1,is_weekend_t-1,is_holiday_t-1,season_t-1,act_in_vehicle_hr_4_t-1,act_on_bike_hr_4_t-1,act_on_foot_hr_4_t-1,act_running_hr_4_t-1,act_still_hr_4_t-1,act_tilting_hr_4_t-1,act_unknown_hr_4_t-1,act_walking_hr_4_t-1,step_hr_4_t-1,week_t-0,is_weekend_t-0,is_holiday_t-0,season_t-0,act_in_vehicle_hr_4_t-0,act_on_bike_hr_4_t-0,act_on_foot_hr_4_t-0,act_running_hr_4_t-0,act_still_hr_4_t-0,act_tilting_hr_4_t-0,act_unknown_hr_4_t-0,act_walking_hr_4_t-0,step_hr_4_t-0,week_mean,is_weekend_mean,is_holiday_mean,season_mean,act_in_vehicle_hr_4_mean,act_on_bike_hr_4_mean,act_on_foot_hr_4_mean,act_running_hr_4_mean,act_still_hr_4_mean,act_tilting_hr_4_mean,act_unknown_hr_4_mean,act_walking_hr_4_mean,step_hr_4_mean,week_std,is_weekend_std,is_holiday_std,season_std,act_in_vehicle_hr_4_std,act_on_bike_hr_4_std,act_on_foot_hr_4_std,act_running_hr_4_std,act_still_hr_4_std,act_tilting_hr_4_std,act_unknown_hr_4_std,act_walking_hr_4_std,step_hr_4_std,week_skew,is_weekend_skew,is_holiday_skew,season_skew,act_in_vehicle_hr_4_skew,act_on_bike_hr_4_skew,act_on_foot_hr_4_skew,act_running_hr_4_skew,act_still_hr_4_skew,act_tilting_hr_4_skew,act_unknown_hr_4_skew,act_walking_hr_4_skew,step_hr_4_skew,target,anomaly,week_t-7_encoded,is_weekend_t-7_encoded,is_holiday_t-7_encoded,season_t-7_encoded,act_in_vehicle_hr_4_t-7_encoded,act_on_bike_hr_4_t-7_encoded,act_on_foot_hr_4_t-7_encoded,act_running_hr_4_t-7_encoded,act_still_hr_4_t-7_encoded,act_tilting_hr_4_t-7_encoded,act_unknown_hr_4_t-7_encoded,act_walking_hr_4_t-7_encoded,step_hr_4_t-7_encoded,week_t-6_encoded,is_weekend_t-6_encoded,is_holiday_t-6_encoded,season_t-6_encoded,act_in_vehicle_hr_4_t-6_encoded,act_on_bike_hr_4_t-6_encoded,act_on_foot_hr_4_t-6_encoded,act_running_hr_4_t-6_encoded,act_still_hr_4_t-6_encoded,act_tilting_hr_4_t-6_encoded,act_unknown_hr_4_t-6_encoded,act_walking_hr_4_t-6_encoded,step_hr_4_t-6_encoded,week_t-5_encoded,is_weekend_t-5_encoded,is_holiday_t-5_encoded,season_t-5_encoded,act_in_vehicle_hr_4_t-5_encoded,act_on_bike_hr_4_t-5_encoded,act_on_foot_hr_4_t-5_encoded,act_running_hr_4_t-5_encoded,act_still_hr_4_t-5_encoded,act_tilting_hr_4_t-5_encoded,act_unknown_hr_4_t-5_encoded,act_walking_hr_4_t-5_encoded,step_hr_4_t-5_encoded,week_t-4_encoded,is_weekend_t-4_encoded,is_holiday_t-4_encoded,season_t-4_encoded,act_in_vehicle_hr_4_t-4_encoded,act_on_bike_hr_4_t-4_encoded,act_on_foot_hr_4_t-4_encoded,act_running_hr_4_t-4_encoded,act_still_hr_4_t-4_encoded,act_tilting_hr_4_t-4_encoded,act_unknown_hr_4_t-4_encoded,act_walking_hr_4_t-4_encoded,step_hr_4_t-4_encoded,week_t-3_encoded,is_weekend_t-3_encoded,is_holiday_t-3_encoded,season_t-3_encoded,act_in_vehicle_hr_4_t-3_encoded,act_on_bike_hr_4_t-3_encoded,act_on_foot_hr_4_t-3_encoded,act_running_hr_4_t-3_encoded,act_still_hr_4_t-3_encoded,act_tilting_hr_4_t-3_encoded,act_unknown_hr_4_t-3_encoded,act_walking_hr_4_t-3_encoded,step_hr_4_t-3_encoded,week_t-2_encoded,is_weekend_t-2_encoded,is_holiday_t-2_encoded,season_t-2_encoded,act_in_vehicle_hr_4_t-2_encoded,act_on_bike_hr_4_t-2_encoded,act_on_foot_hr_4_t-2_encoded,act_running_hr_4_t-2_encoded,act_still_hr_4_t-2_encoded,act_tilting_hr_4_t-2_encoded,act_unknown_hr_4_t-2_encoded,act_walking_hr_4_t-2_encoded,step_hr_4_t-2_encoded,week_t-1_encoded,is_weekend_t-1_encoded,is_holiday_t-1_encoded,season_t-1_encoded,act_in_vehicle_hr_4_t-1_encoded,act_on_bike_hr_4_t-1_encoded,act_on_foot_hr_4_t-1_encoded,act_running_hr_4_t-1_encoded,act_still_hr_4_t-1_encoded,act_tilting_hr_4_t-1_encoded,act_unknown_hr_4_t-1_encoded,act_walking_hr_4_t-1_encoded,step_hr_4_t-1_encoded,week_t-0_encoded,is_weekend_t-0_encoded,is_holiday_t-0_encoded,season_t-0_encoded,act_in_vehicle_hr_4_t-0_encoded,act_on_bike_hr_4_t-0_encoded,act_on_foot_hr_4_t-0_encoded,act_running_hr_4_t-0_encoded,act_still_hr_4_t-0_encoded,act_tilting_hr_4_t-0_encoded,act_unknown_hr_4_t-0_encoded,act_walking_hr_4_t-0_encoded,step_hr_4_t-0_encoded,week_mean_encoded,is_weekend_mean_encoded,is_holiday_mean_encoded,season_mean_encoded,act_in_vehicle_hr_4_mean_encoded,act_on_bike_hr_4_mean_encoded,act_on_foot_hr_4_mean_encoded,act_running_hr_4_mean_encoded,act_still_hr_4_mean_encoded,act_tilting_hr_4_mean_encoded,act_unknown_hr_4_mean_encoded,act_walking_hr_4_mean_encoded,step_hr_4_mean_encoded,week_std_encoded,is_weekend_std_encoded,is_holiday_std_encoded,season_std_encoded,act_in_vehicle_hr_4_std_encoded,act_on_bike_hr_4_std_encoded,act_on_foot_hr_4_std_encoded,act_running_hr_4_std_encoded,act_still_hr_4_std_encoded,act_tilting_hr_4_std_encoded,act_unknown_hr_4_std_encoded,act_walking_hr_4_std_encoded,step_hr_4_std_encoded,week_skew_encoded,is_weekend_skew_encoded,is_holiday_skew_encoded,season_skew_encoded,act_in_vehicle_hr_4_skew_encoded,act_on_bike_hr_4_skew_encoded,act_on_foot_hr_4_skew_encoded,act_running_hr_4_skew_encoded,act_still_hr_4_skew_encoded,act_tilting_hr_4_skew_encoded,act_unknown_hr_4_skew_encoded,act_walking_hr_4_skew_encoded,step_hr_4_skew_encoded,anomaly_encoded
2.0,0.0,1.0,2.0,-1.0,-1.0,-1.0,-1.0,-1.0,-1.0,-1.0,-1.0,0.0,3.0,0.0,1.0,2.0,-1.0,-1.0,-1.0,-1.0,-1.0,-1.0,-1.0,-1.0,0.0,4.0,0.0,1.0,2.0,-1.0,-1.0,-1.0,-1.0,-1.0,-1.0,-1.0,-1.0,0.0,5.0,0.0,1.0,2.0,-1.0,-1.0,-1.0,-1.0,-1.0,-1.0,-1.0,-1.0,0.0,6.0,1.0,1.0,2.0,-1.0,-1.0,-1.0,-1.0,-1.0,-1.0,-1.0,-1.0,0.0,7.0,1.0,0.0,2.0,0.0,0.0,-1.0,0.0,3600.0,-1.0,0.0,0.0,0.0,1.0,0.0,0.0,2.0,0.0,0.0,-1.0,0.0,3600.0,-1.0,0.0,0.0,0.0,2.0,0.0,0.0,2.0,0.0,0.0,-1.0,0.0,3600.0,-1.0,0.0,0.0,0.0,3.75,0.25,0.625,2.0,0.0,0.0,-1.0,0.0,3600.0,-1.0,0.0,0.0,0.0,2.1213203435596424,0.4629100498862757,0.5175491695067657,0.0,0.0,0.0,-1.0,0.0,0.0,-1.0,0.0,0.0,0.0,0.3142696805273544,1.4401645996461911,-0.6440611887195306,0.0,0.0,0.0,-1.0,0.0,0.0,-1.0,0.0,0.0,0.0,-9.0,-1,1,1,2,1,0,0,1,0,0,1,0,0,1,1,1,2,1,0,0,1,0,0,1,0,0,1,1,1,2,1,0,0,1,0,0,1,0,0,1,1,1,2,1,0,0,1,0,0,1,0,0,1,1,1,2,1,0,0,1,0,0,1,0,0,1,1,2,1,1,1,1,1,1,1,1,1,1,1,1,1,1,1,1,1,1,1,1,1,1,1,1,1,1,1,1,1,1,1,1,1,1,1,1,1,1,1,2,1,1,1,1,1,1,1,1,1,1,1,1,2,1,1,1,1,1,1,1,1,1,1,1,1,0,1,1,1,1,1,1,1,1,1,1,0
3.0,0.0,0.0,2.0,0.0,0.0,-1.0,0.0,3600.0,-1.0,0.0,0.0,0.0,4.0,0.0,0.0,2.0,0.0,0.0,-1.0,0.0,3600.0,-1.0,0.0,0.0,0.0,5.0,0.0,0.0,3.0,0.0,0.0,-1.0,0.0,3600.0,-1.0,0.0,0.0,0.0,6.0,1.0,0.0,3.0,0.0,0.0,-1.0,0.0,3600.0,-1.0,0.0,0.0,0.0,7.0,1.0,0.0,3.0,0.0,0.0,-1.0,0.0,3600.0,-1.0,0.0,0.0,0.0,1.0,0.0,0.0,3.0,0.0,0.0,-1.0,0.0,3600.0,-1.0,0.0,0.0,0.0,2.0,0.0,0.0,3.0,0.0,0.0,-1.0,0.0,3600.0,-1.0,0.0,0.0,0.0,3.0,0.0,0.0,3.0,0.0,0.0,-1.0,0.0,3600.0,-1.0,0.0,0.0,0.0,3.875,0.25,0.0,2.75,0.0,0.0,-1.0,0.0,3600.0,-1.0,0.0,0.0,0.0,2.03100960115899,0.4629100498862757,0.0,0.4629100498862757,0.0,0.0,-1.0,0.0,0.0,-1.0,0.0,0.0,0.0,0.2238027108715141,1.4401645996461911,0.0,-1.4401645996461911,0.0,0.0,-1.0,0.0,0.0,-1.0,0.0,0.0,0.0,-5.0,1,1,1,1,1,1,1,1,1,1,1,1,1,1,1,1,1,1,1,1,1,1,1,1,1,1,1,1,1,1,1,1,1,1,1,1,1,1,1,1,1,2,1,1,1,1,1,1,1,1,1,1,1,1,1,1,1,1,1,1,1,1,1,1,1,1,1,1,1,1,1,1,1,1,1,1,1,1,1,1,1,1,1,1,1,1,1,1,1,1,1,1,1,1,1,1,1,1,1,1,1,1,1,1,1,1,1,1,1,1,1,1,1,1,1,1,1,1,1,1,1,2,1,1,1,1,1,1,1,1,1,1,1,1,0,1,1,1,1,1,1,1,1,1,1
6.0,1.0,0.0,3.0,0.0,0.0,-1.0,10.0,2343.0,-1.0,0.0,1247.0,909.0,7.0,1.0,0.0,3.0,0.0,0.0,-1.0,0.0,3600.0,-1.0,0.0,0.0,0.0,1.0,0.0,0.0,3.0,0.0,0.0,-1.0,0.0,3600.0,-1.0,0.0,0.0,0.0,2.0,0.0,0.0,3.0,0.0,0.0,-1.0,0.0,3600.0,-1.0,0.0,0.0,0.0,3.0,0.0,0.0,3.0,0.0,0.0,-1.0,0.0,3600.0,-1.0,0.0,0.0,0.0,4.0,0.0,0.0,3.0,0.0,0.0,-1.0,0.0,3600.0,-1.0,0.0,0.0,0.0,5.0,0.0,0.0,3.0,0.0,0.0,-1.0,0.0,3600.0,-1.0,0.0,0.0,0.0,6.0,1.0,0.0,3.0,0.0,0.0,-1.0,0.0,3600.0,-1.0,0.0,0.0,-1.0,4.25,0.375,0.0,3.0,0.0,0.0,-1.0,1.25,3442.875,-1.0,0.0,155.875,129.85714285714286,2.1213203435596424,0.5175491695067657,0.0,0.0,0.0,0.0,-1.0,3.5355339059327378,444.4166119757451,-1.0,0.0,440.8810780698124,343.5697059653875,-0.3142696805273544,0.6440611887195306,0.0,0.0,0.0,0.0,-1.0,2.82842712474619,-2.8284271247461903,-1.0,0.0,2.8284271247461903,2.6457513110645903,0.0,1,1,1,1,1,1,1,1,2,0,1,1,2,2,1,1,1,1,1,1,1,1,1,1,1,1,1,1,1,1,1,1,1,1,1,1,1,1,1,1,1,1,1,1,1,1,1,1,1,1,1,1,1,1,1,1,1,1,1,1,1,1,1,1,1,1,1,1,1,1,1,1,1,1,1,1,1,1,1,1,1,1,1,1,1,1,1,1,1,1,1,1,1,1,1,1,1,1,1,1,1,1,1,1,0,1,1,1,1,1,1,1,2,1,1,1,1,2,1,1,1,1,1,1,1,2,1,1,1,1,2,1,1,1,1,1,1,1,2,1,1,1,1,1,1
6.0,1.0,0.0,3.0,0.0,0.0,-1.0,0.0,3600.0,-1.0,0.0,0.0,-1.0,7.0,1.0,0.0,3.0,0.0,0.0,-1.0,0.0,2709.0,-1.0,0.0,891.0,-1.0,1.0,0.0,0.0,3.0,0.0,0.0,-1.0,0.0,3600.0,-1.0,0.0,0.0,0.0,2.0,0.0,0.0,3.0,0.0,0.0,-1.0,0.0,3600.0,-1.0,0.0,0.0,0.0,3.0,0.0,0.0,3.0,0.0,0.0,-1.0,0.0,3600.0,-1.0,0.0,0.0,-1.0,4.0,0.0,0.0,3.0,0.0,0.0,-1.0,0.0,3600.0,-1.0,0.0,0.0,-1.0,5.0,0.0,0.0,3.0,0.0,0.0,-1.0,0.0,3600.0,-1.0,0.0,0.0,0.0,6.0,1.0,0.0,3.0,1102.0,0.0,-1.0,0.0,860.0,-1.0,0.0,1638.0,0.0,4.25,0.375,0.0,3.0,137.75,0.0,-1.0,0.0,3146.125,-1.0,0.0,316.125,0.0,2.1213203435596424,0.5175491695067657,0.0,0.0,389.6158364337877,0.0,-1.0,0.0,974.933028835461,-1.0,0.0,618.4594772497225,0.0,-0.3142696805273544,0.6440611887195306,0.0,0.0,2.8284271247461903,0.0,-1.0,0.0,-2.35778762224556,-1.0,0.0,1.8602000454224263,0.0,-4.0,1,1,1,1,1,1,1,1,1,1,1,1,1,0,1,1,1,1,1,1,1,1,0,1,1,2,0,1,1,1,1,1,1,1,1,1,1,1,1,1,1,1,1,1,1,1,1,1,1,1,1,1,1,1,1,1,1,1,1,1,1,1,1,1,1,0,1,1,1,1,1,1,1,1,1,1,1,1,0,1,1,1,1,1,1,1,1,1,1,1,1,1,1,1,1,1,2,1,1,1,0,1,1,2,1,1,1,1,1,2,1,1,1,1,1,1,2,1,1,1,1,1,2,1,1,1,1,1,1,1,1,1,1,1,1,2,1,1,1,1,1,1,1,1,1
4.0,0.0,0.0,3.0,0.0,0.0,-1.0,0.0,3600.0,-1.0,0.0,0.0,-1.0,5.0,0.0,0.0,3.0,0.0,0.0,-1.0,0.0,3600.0,-1.0,0.0,0.0,0.0,6.0,1.0,0.0,3.0,0.0,0.0,-1.0,0.0,3600.0,-1.0,0.0,0.0,0.0,7.0,1.0,0.0,3.0,0.0,0.0,-1.0,0.0,3600.0,-1.0,0.0,0.0,0.0,1.0,0.0,0.0,3.0,0.0,0.0,-1.0,0.0,3600.0,-1.0,0.0,0.0,0.0,2.0,0.0,0.0,3.0,0.0,0.0,-1.0,0.0,3600.0,-1.0,0.0,0.0,0.0,3.0,0.0,0.0,3.0,0.0,0.0,-1.0,0.0,3600.0,-1.0,0.0,0.0,0.0,4.0,0.0,0.0,3.0,0.0,0.0,-1.0,0.0,3388.0,-1.0,0.0,212.0,0.0,4.0,0.25,0.0,3.0,0.0,0.0,-1.0,0.0,3573.5,-1.0,0.0,26.5,0.0,2.0,0.4629100498862757,0.0,0.0,0.0,0.0,-1.0,0.0,74.95331880577403,-1.0,0.0,74.95331880577403,0.0,0.0,1.4401645996461911,0.0,0.0,0.0,0.0,-1.0,0.0,-2.8284271247461903,-1.0,0.0,2.8284271247461903,0.0,-2.0,1,1,1,1,1,1,1,1,1,1,1,1,1,0,1,1,1,1,1,1,1,1,1,1,1,1,1,1,1,1,1,1,1,1,1,1,1,1,1,1,1,2,1,1,1,1,1,1,1,1,1,1,1,1,1,1,1,1,1,1,1,1,1,1,1,1,1,1,1,1,1,1,1,1,1,1,1,1,1,1,1,1,1,1,1,1,1,1,1,1,1,1,1,1,1,1,1,1,1,1,0,1,1,2,1,1,1,1,1,1,1,1,1,1,1,1,1,1,1,1,1,1,1,1,1,1,1,1,1,1,1,1,1,1,1,1,1,1,1,1,1,1,1,1,1
2.0,0.0,0.0,3.0,0.0,0.0,-1.0,0.0,3600.0,-1.0,0.0,0.0,0.0,3.0,0.0,0.0,3.0,0.0,0.0,-1.0,0.0,3600.0,-1.0,0.0,0.0,0.0,4.0,0.0,0.0,3.0,0.0,0.0,-1.0,0.0,3388.0,-1.0,0.0,212.0,0.0,5.0,0.0,0.0,3.0,0.0,0.0,-1.0,0.0,3600.0,-1.0,0.0,0.0,0.0,6.0,1.0,0.0,3.0,0.0,0.0,-1.0,0.0,3600.0,-1.0,0.0,0.0,-1.0,7.0,1.0,0.0,3.0,0.0,0.0,-1.0,0.0,3600.0,-1.0,0.0,0.0,0.0,1.0,0.0,0.0,3.0,0.0,0.0,-1.0,0.0,3600.0,-1.0,0.0,0.0,0.0,2.0,0.0,0.0,3.0,0.0,0.0,-1.0,0.0,3600.0,-1.0,0.0,0.0,0.0,3.75,0.25,0.0,3.0,0.0,0.0,-1.0,0.0,3573.5,-1.0,0.0,26.5,0.0,2.1213203435596424,0.4629100498862757,0.0,0.0,0.0,0.0,-1.0,0.0,74.95331880577403,-1.0,0.0,74.95331880577403,0.0,0.3142696805273544,1.4401645996461911,0.0,0.0,0.0,0.0,-1.0,0.0,-2.8284271247461903,-1.0,0.0,2.8284271247461903,0.0,1.0,1,1,1,1,1,1,1,1,1,1,1,1,1,1,1,1,1,1,1,1,1,1,1,1,1,1,1,1,1,1,1,1,1,1,1,0,1,1,2,1,1,1,1,1,1,1,1,1,1,1,1,1,1,1,1,1,1,1,1,1,1,1,1,1,1,0,1,2,1,1,1,1,1,1,1,1,1,1,1,1,1,1,1,1,1,1,1,1,1,1,1,1,1,1,1,1,1,1,1,1,1,1,1,1,1,1,1,1,1,1,1,1,1,1,1,1,1,1,1,1,1,1,1,1,1,1,1,1,1,1,1,1,1,1,1,1,1,1,1,1,1,1,1,1,1
5.0,0.0,0.0,3.0,0.0,0.0,-1.0,0.0,3600.0,-1.0,0.0,0.0,0.0,6.0,1.0,0.0,3.0,0.0,0.0,-1.0,0.0,3600.0,-1.0,0.0,0.0,-1.0,7.0,1.0,0.0,3.0,0.0,0.0,-1.0,0.0,3600.0,-1.0,0.0,0.0,0.0,1.0,0.0,0.0,3.0,0.0,0.0,-1.0,0.0,3600.0,-1.0,0.0,0.0,0.0,2.0,0.0,0.0,3.0,0.0,0.0,-1.0,0.0,3600.0,-1.0,0.0,0.0,0.0,3.0,0.0,0.0,3.0,0.0,0.0,-1.0,0.0,3600.0,-1.0,0.0,0.0,-1.0,4.0,0.0,0.0,3.0,0.0,0.0,-1.0,0.0,3600.0,-1.0,0.0,0.0,0.0,5.0,0.0,0.0,3.0,0.0,0.0,-1.0,0.0,3560.0,-1.0,0.0,40.0,0.0,4.125,0.25,0.0,3.0,0.0,0.0,-1.0,0.0,3595.0,-1.0,0.0,5.0,0.0,2.03100960115899,0.4629100498862757,0.0,0.0,0.0,0.0,-1.0,0.0,14.142135623730953,-1.0,0.0,14.142135623730953,0.0,-0.2238027108715141,1.4401645996461911,0.0,0.0,0.0,0.0,-1.0,0.0,-2.82842712474619,-1.0,0.0,2.82842712474619,0.0,-6.0,1,1,1,1,1,1,1,1,1,1,1,1,1,1,1,1,1,1,1,1,1,1,1,1,1,1,0,1,1,1,1,1,1,1,1,1,1,1,1,1,1,1,1,1,1,1,1,1,1,1,1,1,1,1,1,1,1,1,1,1,1,1,1,1,1,1,1,1,1,1,1,1,1,1,1,1,1,1,0,1,1,1,1,1,1,1,1,1,1,1,1,1,1,1,1,1,1,1,1,1,1,1,1,1,1,1,1,1,1,1,1,1,1,1,1,1,1,1,1,1,1,1,1,1,1,1,1,1,1,1,1,1,1,1,1,1,1,1,1,1,1,1,1,1,1
2.0,0.0,0.0,3.0,0.0,0.0,-1.0,0.0,3600.0,-1.0,0.0,0.0,0.0,3.0,0.0,0.0,3.0,0.0,0.0,-1.0,0.0,3600.0,-1.0,0.0,0.0,0.0,4.0,0.0,0.0,3.0,0.0,0.0,-1.0,0.0,3600.0,-1.0,0.0,0.0,0.0,5.0,0.0,0.0,3.0,0.0,0.0,-1.0,0.0,3600.0,-1.0,0.0,0.0,0.0,6.0,1.0,0.0,3.0,0.0,0.0,-1.0,0.0,3600.0,-1.0,0.0,0.0,0.0,7.0,1.0,0.0,3.0,0.0,0.0,-1.0,0.0,3156.0,-1.0,0.0,444.0,40.0,1.0,0.0,0.0,3.0,0.0,0.0,-1.0,0.0,3600.0,-1.0,0.0,0.0,0.0,2.0,0.0,0.0,3.0,0.0,0.0,-1.0,0.0,3553.0,-1.0,0.0,47.0,0.0,3.75,0.25,0.0,3.0,0.0,0.0,-1.0,0.0,3538.625,-1.0,0.0,61.375,5.0,2.1213203435596424,0.4629100498862757,0.0,0.0,0.0,0.0,-1.0,0.0,155.47616951068187,-1.0,0.0,155.47616951068187,14.142135623730953,0.3142696805273544,1.4401645996461911,0.0,0.0,0.0,0.0,-1.0,0.0,-2.7685713427563186,-1.0,0.0,2.7685713427563186,2.82842712474619,0.0,1,1,1,1,1,1,1,1,1,1,1,1,1,1,1,1,1,1,1,1,1,1,1,1,1,1,1,1,1,1,1,1,1,1,1,1,1,1,1,1,1,1,1,1,1,1,1,1,1,1,1,1,1,1,1,1,1,1,1,1,1,1,1,1,1,1,1,2,1,1,1,1,1,1,0,1,1,2,2,1,1,1,1,1,1,1,1,1,1,1,1,1,1,1,1,1,1,1,1,1,1,1,1,1,1,1,1,1,1,1,1,1,1,1,1,1,1,1,1,1,1,1,1,1,1,1,1,1,1,1,1,1,1,1,1,1,1,1,1,1,1,1,1,1,1
5.0,0.0,0.0,3.0,0.0,0.0,-1.0,0.0,3600.0,-1.0,0.0,0.0,0.0,6.0,1.0,0.0,3.0,0.0,0.0,-1.0,0.0,3600.0,-1.0,0.0,0.0,0.0,7.0,1.0,0.0,3.0,0.0,0.0,-1.0,0.0,3156.0,-1.0,0.0,444.0,40.0,1.0,0.0,0.0,3.0,0.0,0.0,-1.0,0.0,3600.0,-1.0,0.0,0.0,0.0,2.0,0.0,0.0,3.0,0.0,0.0,-1.0,0.0,3553.0,-1.0,0.0,47.0,0.0,3.0,0.0,0.0,3.0,0.0,0.0,-1.0,0.0,3600.0,-1.0,0.0,0.0,0.0,4.0,0.0,0.0,3.0,0.0,0.0,-1.0,0.0,3600.0,-1.0,0.0,0.0,0.0,5.0,0.0,0.0,3.0,0.0,0.0,-1.0,0.0,3600.0,-1.0,0.0,0.0,0.0,4.125,0.25,0.0,3.0,0.0,0.0,-1.0,0.0,3538.625,-1.0,0.0,61.375,5.0,2.03100960115899,0.4629100498862757,0.0,0.0,0.0,0.0,-1.0,0.0,155.47616951068187,-1.0,0.0,155.47616951068187,14.142135623730953,-0.2238027108715141,1.4401645996461911,0.0,0.0,0.0,0.0,-1.0,0.0,-2.7685713427563186,-1.0,0.0,2.7685713427563186,2.82842712474619,7.0,1,1,1,1,1,1,1,1,1,1,1,1,1,1,1,1,1,1,1,1,1,1,1,1,1,1,1,1,1,1,1,1,1,1,1,0,1,1,2,2,1,1,1,1,1,1,1,1,1,1,1,1,1,1,1,1,1,1,1,1,1,0,1,1,2,1,1,1,1,1,1,1,1,1,1,1,1,1,1,1,1,1,1,1,1,1,1,1,1,1,1,1,1,1,1,1,1,1,1,1,1,1,1,1,1,1,1,1,1,1,1,1,1,1,1,1,1,1,1,1,1,1,1,1,1,1,1,1,1,1,1,1,1,1,1,1,1,1,1,1,1,1,1,1,1
4.0,0.0,1.0,3.0,0.0,0.0,-1.0,0.0,3600.0,-1.0,0.0,0.0,0.0,5.0,0.0,1.0,4.0,0.0,0.0,-1.0,0.0,3600.0,-1.0,0.0,0.0,0.0,6.0,1.0,1.0,4.0,0.0,0.0,-1.0,0.0,3600.0,-1.0,0.0,0.0,0.0,7.0,1.0,1.0,4.0,0.0,0.0,-1.0,0.0,3600.0,-1.0,0.0,0.0,0.0,1.0,0.0,1.0,4.0,0.0,0.0,-1.0,0.0,3600.0,-1.0,0.0,0.0,0.0,2.0,0.0,1.0,4.0,0.0,0.0,-1.0,0.0,3600.0,-1.0,0.0,0.0,0.0,3.0,0.0,1.0,4.0,0.0,0.0,-1.0,0.0,3600.0,-1.0,0.0,0.0,0.0,4.0,0.0,1.0,4.0,0.0,0.0,-1.0,0.0,3600.0,-1.0,0.0,0.0,0.0,4.0,0.25,1.0,3.875,0.0,0.0,-1.0,0.0,3600.0,-1.0,0.0,0.0,0.0,2.0,0.4629100498862757,0.0,0.3535533905932738,0.0,0.0,-1.0,0.0,0.0,-1.0,0.0,0.0,0.0,0.0,1.4401645996461911,0.0,-2.8284271247461903,0.0,0.0,-1.0,0.0,0.0,-1.0,0.0,0.0,0.0,4.0,1,1,1,2,1,1,1,1,1,1,1,1,1,1,1,1,2,1,1,1,1,1,1,1,1,1,1,1,1,2,1,1,1,1,1,1,1,1,1,1,1,2,2,1,1,1,1,1,1,1,1,1,1,1,1,2,1,1,1,1,1,1,1,1,1,1,1,1,2,1,1,1,1,1,1,1,1,1,1,1,1,2,1,1,1,1,1,1,1,1,1,1,1,1,2,1,1,1,1,1,1,1,1,1,1,1,1,2,1,1,1,1,1,1,1,1,1,1,1,1,1,2,1,1,1,1,1,1,1,1,1,1,1,1,0,1,1,1,1,1,1,1,1,1,1
6.0,1.0,0.0,4.0,0.0,0.0,-1.0,0.0,3600.0,-1.0,0.0,0.0,0.0,7.0,1.0,0.0,4.0,0.0,0.0,-1.0,0.0,3600.0,-1.0,0.0,0.0,0.0,1.0,0.0,0.0,4.0,0.0,0.0,-1.0,0.0,3600.0,-1.0,0.0,0.0,0.0,2.0,0.0,0.0,4.0,0.0,0.0,-1.0,0.0,3600.0,-1.0,0.0,0.0,0.0,3.0,0.0,0.0,4.0,0.0,0.0,-1.0,0.0,3600.0,-1.0,0.0,0.0,0.0,4.0,0.0,0.0,4.0,0.0,0.0,-1.0,0.0,3600.0,-1.0,0.0,0.0,0.0,5.0,0.0,0.0,4.0,0.0,0.0,-1.0,0.0,3600.0,-1.0,0.0,0.0,0.0,6.0,1.0,0.0,4.0,0.0,0.0,-1.0,0.0,3600.0,-1.0,0.0,0.0,0.0,4.25,0.375,0.0,4.0,0.0,0.0,-1.0,0.0,3600.0,-1.0,0.0,0.0,0.0,2.1213203435596424,0.5175491695067657,0.0,0.0,0.0,0.0,-1.0,0.0,0.0,-1.0,0.0,0.0,0.0,-0.3142696805273544,0.6440611887195306,0.0,0.0,0.0,0.0,-1.0,0.0,0.0,-1.0,0.0,0.0,0.0,0.0,1,1,1,1,1,1,1,1,1,1,1,1,1,1,1,1,1,1,1,1,1,1,1,1,1,1,1,1,1,1,1,1,1,1,1,1,1,1,1,1,1,1,1,1,1,1,1,1,1,1,1,1,1,1,1,1,1,1,1,1,1,1,1,1,1,1,1,1,1,1,1,1,1,1,1,1,1,1,1,1,1,1,1,1,1,1,1,1,1,1,1,1,1,1,1,1,1,1,1,1,1,1,1,1,1,1,1,1,1,1,1,1,1,1,1,1,1,1,1,1,1,1,1,1,1,1,1,1,1,1,1,1,1,1,1,1,1,1,1,1,1,1,1,1,1
2.0,0.0,0.0,4.0,0.0,0.0,-1.0,0.0,3600.0,-1.0,0.0,0.0,0.0,3.0,0.0,0.0,4.0,0.0,0.0,-1.0,0.0,3600.0,-1.0,0.0,0.0,0.0,4.0,0.0,0.0,4.0,0.0,0.0,-1.0,0.0,3600.0,-1.0,0.0,0.0,0.0,5.0,0.0,0.0,4.0,0.0,0.0,-1.0,0.0,3600.0,-1.0,0.0,0.0,0.0,6.0,1.0,0.0,4.0,0.0,0.0,-1.0,0.0,3600.0,-1.0,0.0,0.0,0.0,7.0,1.0,0.0,4.0,0.0,0.0,-1.0,0.0,3600.0,-1.0,0.0,0.0,0.0,1.0,0.0,0.0,4.0,0.0,0.0,-1.0,0.0,3600.0,-1.0,0.0,0.0,0.0,2.0,0.0,0.0,4.0,0.0,0.0,-1.0,0.0,3401.0,-1.0,0.0,199.0,0.0,3.75,0.25,0.0,4.0,0.0,0.0,-1.0,0.0,3575.125,-1.0,0.0,24.875,0.0,2.1213203435596424,0.4629100498862757,0.0,0.0,0.0,0.0,-1.0,0.0,70.35712472806148,-1.0,0.0,70.35712472806148,0.0,0.3142696805273544,1.4401645996461911,0.0,0.0,0.0,0.0,-1.0,0.0,-2.8284271247461903,-1.0,0.0,2.8284271247461903,0.0,10.0,1,1,1,1,1,1,1,1,1,1,1,1,1,1,1,1,1,1,1,1,1,1,1,1,1,1,1,1,1,1,1,1,1,1,1,1,1,1,1,1,1,1,1,1,1,1,1,1,1,1,1,1,1,1,1,1,1,1,1,1,1,1,1,1,1,1,1,2,1,1,1,1,1,1,1,1,1,1,1,1,1,1,1,1,1,1,1,1,1,1,1,1,1,1,1,1,1,1,1,1,0,1,1,2,1,1,1,1,1,1,1,1,1,1,1,1,1,1,1,1,1,1,1,1,1,1,1,1,1,1,1,1,1,1,1,1,1,1,1,1,1,1,1,1,1
5.0,0.0,0.0,4.0,0.0,0.0,-1.0,0.0,3600.0,-1.0,0.0,0.0,0.0,6.0,1.0,0.0,4.0,0.0,0.0,-1.0,0.0,3600.0,-1.0,0.0,0.0,0.0,7.0,1.0,0.0,4.0,0.0,0.0,-1.0,0.0,3600.0,-1.0,0.0,0.0,0.0,1.0,0.0,0.0,4.0,0.0,0.0,-1.0,0.0,3600.0,-1.0,0.0,0.0,0.0,2.0,0.0,0.0,4.0,0.0,0.0,-1.0,0.0,3401.0,-1.0,0.0,199.0,0.0,3.0,0.0,0.0,4.0,0.0,0.0,-1.0,0.0,3600.0,-1.0,0.0,0.0,0.0,4.0,0.0,0.0,4.0,298.0,0.0,-1.0,0.0,2179.0,-1.0,0.0,1123.0,216.0,5.0,0.0,0.0,4.0,0.0,0.0,-1.0,0.0,3600.0,-1.0,0.0,0.0,0.0,4.125,0.25,0.0,4.0,37.25,0.0,-1.0,0.0,3397.5,-1.0,0.0,165.25,27.0,2.03100960115899,0.4629100498862757,0.0,0.0,105.35891039679558,0.0,-1.0,0.0,497.2484288562408,-1.0,0.0,393.2046904239935,76.36753236814714,-0.2238027108715141,1.4401645996461911,0.0,0.0,2.82842712474619,0.0,-1.0,0.0,-2.725644284284954,-1.0,0.0,2.6678756847114413,2.8284271247461903,3.0,1,1,1,1,1,1,1,1,1,1,1,1,1,1,1,1,1,1,1,1,1,1,1,1,1,1,1,1,1,1,1,1,1,1,1,1,1,1,1,1,1,1,1,1,1,1,1,1,1,1,1,1,1,1,1,1,1,1,1,1,1,0,1,1,2,1,1,1,1,1,1,1,1,1,1,1,1,1,1,1,1,1,1,2,1,1,1,0,1,1,2,2,1,1,1,1,1,1,1,1,1,1,1,1,1,1,1,1,1,2,1,1,1,1,1,1,1,2,1,1,1,1,2,1,1,1,1,1,1,1,2,1,1,1,1,2,1,1,1,1,1,1,1,1,1
6.0,1.0,0.0,4.0,0.0,0.0,-1.0,0.0,3600.0,-1.0,0.0,0.0,0.0,7.0,1.0,0.0,4.0,0.0,0.0,-1.0,0.0,3600.0,-1.0,0.0,0.0,0.0,1.0,0.0,0.0,4.0,0.0,0.0,-1.0,0.0,3600.0,-1.0,0.0,0.0,0.0,2.0,0.0,0.0,4.0,0.0,0.0,-1.0,0.0,3512.0,-1.0,0.0,88.0,23.0,3.0,0.0,0.0,4.0,0.0,0.0,-1.0,0.0,3600.0,-1.0,0.0,0.0,0.0,4.0,0.0,0.0,4.0,0.0,0.0,-1.0,0.0,3600.0,-1.0,0.0,0.0,0.0,5.0,0.0,0.0,4.0,0.0,0.0,-1.0,0.0,3600.0,-1.0,0.0,0.0,0.0,6.0,1.0,0.0,4.0,0.0,0.0,-1.0,0.0,3600.0,-1.0,0.0,0.0,0.0,4.25,0.375,0.0,4.0,0.0,0.0,-1.0,0.0,3589.0,-1.0,0.0,11.0,2.875,2.1213203435596424,0.5175491695067657,0.0,0.0,0.0,0.0,-1.0,0.0,31.11269837220809,-1.0,0.0,31.11269837220809,8.131727983645296,-0.3142696805273544,0.6440611887195306,0.0,0.0,0.0,0.0,-1.0,0.0,-2.8284271247461903,-1.0,0.0,2.8284271247461903,2.8284271247461903,0.0,1,1,1,1,1,1,1,1,1,1,1,1,1,1,1,1,1,1,1,1,1,1,1,1,1,1,1,1,1,1,1,1,1,1,1,1,1,1,1,1,1,1,1,1,1,1,1,1,0,1,1,2,2,1,1,1,1,1,1,1,1,1,1,1,1,1,1,1,1,1,1,1,1,1,1,1,1,1,1,1,1,1,1,1,1,1,1,1,1,1,1,1,1,1,1,1,1,1,1,1,1,1,1,1,1,1,1,1,1,1,1,1,1,1,1,1,1,1,1,1,1,1,1,1,1,1,1,1,1,1,1,1,1,1,1,1,1,1,1,1,1,1,1,1,1
5.0,0.0,0.0,4.0,0.0,0.0,-1.0,0.0,3043.0,-1.0,0.0,557.0,45.0,6.0,1.0,0.0,4.0,0.0,0.0,-1.0,0.0,3600.0,-1.0,0.0,0.0,0.0,7.0,1.0,0.0,4.0,0.0,0.0,-1.0,0.0,3600.0,-1.0,0.0,0.0,0.0,1.0,0.0,0.0,4.0,0.0,0.0,-1.0,0.0,3600.0,-1.0,0.0,0.0,0.0,2.0,0.0,0.0,4.0,0.0,0.0,-1.0,0.0,3600.0,-1.0,0.0,0.0,0.0,3.0,0.0,0.0,4.0,0.0,0.0,-1.0,0.0,3600.0,-1.0,0.0,0.0,0.0,4.0,0.0,0.0,4.0,0.0,0.0,-1.0,0.0,3600.0,-1.0,0.0,0.0,0.0,5.0,0.0,0.0,4.0,0.0,0.0,-1.0,0.0,3600.0,-1.0,0.0,0.0,0.0,4.125,0.25,0.0,4.0,0.0,0.0,-1.0,0.0,3530.375,-1.0,0.0,69.625,5.625,2.03100960115899,0.4629100498862757,0.0,0.0,0.0,0.0,-1.0,0.0,196.92923856045348,-1.0,0.0,196.92923856045348,15.90990257669732,-0.2238027108715141,1.4401645996461911,0.0,0.0,0.0,0.0,-1.0,0.0,-2.8284271247461903,-1.0,0.0,2.8284271247461903,2.8284271247461903,-5.0,1,1,1,1,1,1,1,1,1,0,1,1,2,2,1,1,1,1,1,1,1,1,1,1,1,1,1,1,1,1,1,1,1,1,1,1,1,1,1,1,1,1,1,1,1,1,1,1,1,1,1,1,1,1,1,1,1,1,1,1,1,1,1,1,1,1,1,1,1,1,1,1,1,1,1,1,1,1,1,1,1,1,1,1,1,1,1,1,1,1,1,1,1,1,1,1,1,1,1,1,1,1,1,1,1,1,1,1,1,1,1,1,1,1,1,1,1,1,1,1,1,1,1,1,1,1,1,1,1,1,1,1,1,1,1,1,1,1,1,1,1,1,1,1,1
5.0,0.0,0.0,4.0,0.0,0.0,-1.0,0.0,2159.0,-1.0,0.0,1441.0,0.0,6.0,1.0,0.0,4.0,0.0,0.0,-1.0,0.0,3600.0,-1.0,0.0,0.0,0.0,7.0,1.0,0.0,4.0,0.0,0.0,-1.0,8.0,3292.0,-1.0,0.0,300.0,229.0,1.0,0.0,0.0,4.0,0.0,0.0,-1.0,0.0,3600.0,-1.0,0.0,0.0,0.0,2.0,0.0,0.0,4.0,0.0,0.0,-1.0,0.0,2962.0,-1.0,0.0,638.0,0.0,3.0,0.0,0.0,4.0,0.0,0.0,-1.0,0.0,3600.0,-1.0,0.0,0.0,0.0,4.0,0.0,0.0,4.0,0.0,0.0,-1.0,0.0,3600.0,-1.0,0.0,0.0,0.0,5.0,0.0,0.0,4.0,0.0,0.0,-1.0,0.0,3600.0,-1.0,0.0,0.0,0.0,4.125,0.25,0.0,4.0,0.0,0.0,-1.0,1.0,3301.625,-1.0,0.0,297.375,28.625,2.03100960115899,0.4629100498862757,0.0,0.0,0.0,0.0,-1.0,2.8284271247461903,516.3287816055636,-1.0,0.0,516.315224174424,80.96372644585969,-0.2238027108715141,1.4401645996461911,0.0,0.0,0.0,0.0,-1.0,2.8284271247461903,-1.934720333195436,-1.0,0.0,1.9426187314267964,2.82842712474619,-8.0,1,1,1,1,1,1,1,1,1,0,1,1,2,1,1,1,1,1,1,1,1,1,1,1,1,1,1,1,1,1,1,1,1,1,2,0,1,1,2,2,1,1,1,1,1,1,1,1,1,1,1,1,1,1,1,1,1,1,1,1,1,0,1,1,2,1,1,1,1,1,1,1,1,1,1,1,1,1,1,1,1,1,1,1,1,1,1,1,1,1,1,1,1,1,1,1,1,1,1,1,1,1,1,1,1,1,1,1,1,1,1,1,2,1,1,1,2,2,1,1,1,1,1,1,1,2,1,1,1,1,2,1,1,1,1,1,1,1,2,1,1,1,1,1,1
1.0,0.0,0.0,4.0,0.0,0.0,-1.0,0.0,3600.0,-1.0,0.0,0.0,0.0,2.0,0.0,0.0,4.0,0.0,0.0,-1.0,0.0,3600.0,-1.0,0.0,0.0,0.0,3.0,0.0,0.0,4.0,0.0,0.0,-1.0,0.0,3600.0,-1.0,0.0,0.0,0.0,4.0,0.0,0.0,1.0,0.0,0.0,-1.0,0.0,3600.0,-1.0,0.0,0.0,0.0,5.0,0.0,0.0,1.0,0.0,0.0,-1.0,0.0,3600.0,-1.0,0.0,0.0,0.0,6.0,1.0,0.0,1.0,0.0,0.0,-1.0,0.0,3600.0,-1.0,0.0,0.0,0.0,7.0,1.0,0.0,1.0,1850.0,0.0,-1.0,0.0,892.0,-1.0,0.0,858.0,0.0,1.0,0.0,1.0,1.0,0.0,0.0,-1.0,0.0,3600.0,-1.0,0.0,0.0,0.0,3.625,0.25,0.125,2.125,231.25,0.0,-1.0,0.0,3261.5,-1.0,0.0,107.25,0.0,2.2638462845343543,0.4629100498862757,0.3535533905932738,1.5526475085202969,654.0737725975565,0.0,-1.0,0.0,957.4225817265852,-1.0,0.0,303.3488091290289,0.0,0.2262499558606612,1.4401645996461911,2.8284271247461903,0.6440611887195306,2.82842712474619,0.0,-1.0,0.0,-2.8284271247461903,-1.0,0.0,2.82842712474619,0.0,0.0,1,1,1,1,1,1,1,1,1,1,1,1,1,1,1,1,1,1,1,1,1,1,1,1,1,1,1,1,1,1,1,1,1,1,1,1,1,1,1,1,1,1,1,1,1,1,1,1,1,1,1,1,1,1,1,1,1,1,1,1,1,1,1,1,1,1,1,2,1,1,1,1,1,1,1,1,1,1,1,1,2,1,1,2,1,1,1,0,1,1,2,1,1,1,2,1,1,1,1,1,1,1,1,1,1,1,1,2,1,2,1,1,1,1,1,1,1,1,2,1,2,2,2,1,1,1,1,1,1,1,1,1,1,2,2,2,1,1,1,1,1,1,1,1,1
4.0,0.0,0.0,1.0,0.0,0.0,-1.0,0.0,3600.0,-1.0,0.0,0.0,0.0,5.0,0.0,0.0,1.0,0.0,0.0,-1.0,0.0,3600.0,-1.0,0.0,0.0,0.0,6.0,1.0,0.0,1.0,0.0,0.0,-1.0,0.0,3600.0,-1.0,0.0,0.0,0.0,7.0,1.0,0.0,1.0,1850.0,0.0,-1.0,0.0,892.0,-1.0,0.0,858.0,0.0,1.0,0.0,1.0,1.0,0.0,0.0,-1.0,0.0,3600.0,-1.0,0.0,0.0,0.0,2.0,0.0,1.0,1.0,0.0,0.0,-1.0,0.0,3600.0,-1.0,0.0,0.0,0.0,3.0,0.0,1.0,1.0,0.0,0.0,-1.0,0.0,3600.0,-1.0,0.0,0.0,0.0,4.0,0.0,1.0,1.0,0.0,0.0,-1.0,0.0,3600.0,-1.0,0.0,0.0,0.0,4.0,0.25,0.5,1.0,231.25,0.0,-1.0,0.0,3261.5,-1.0,0.0,107.25,0.0,2.0,0.4629100498862757,0.5345224838248488,0.0,654.0737725975565,0.0,-1.0,0.0,957.4225817265852,-1.0,0.0,303.3488091290289,0.0,0.0,1.4401645996461911,0.0,0.0,2.82842712474619,0.0,-1.0,0.0,-2.8284271247461903,-1.0,0.0,2.82842712474619,0.0,3.0,1,1,1,1,1,1,1,1,1,1,1,1,1,1,1,1,1,1,1,1,1,1,1,1,1,1,1,1,1,1,0,1,1,1,1,1,1,1,1,1,1,2,1,1,2,1,1,1,0,1,1,2,1,1,1,2,1,1,1,1,1,1,1,1,1,1,1,1,2,1,1,1,1,1,1,1,1,1,1,1,1,2,1,1,1,1,1,1,1,1,1,1,1,1,2,1,1,1,1,1,1,1,1,1,1,1,1,2,1,2,1,1,1,1,1,1,1,1,1,1,2,1,2,1,1,1,1,1,1,1,1,1,1,1,1,2,1,1,1,1,1,1,1,1,1
6.0,1.0,1.0,1.0,0.0,0.0,-1.0,0.0,3582.0,-1.0,0.0,18.0,0.0,7.0,1.0,1.0,1.0,0.0,0.0,-1.0,0.0,3191.0,-1.0,0.0,409.0,104.0,1.0,0.0,0.0,1.0,0.0,0.0,-1.0,0.0,3600.0,-1.0,0.0,0.0,0.0,2.0,0.0,0.0,1.0,0.0,0.0,-1.0,0.0,3600.0,-1.0,0.0,0.0,0.0,3.0,0.0,0.0,1.0,0.0,0.0,-1.0,0.0,3600.0,-1.0,0.0,0.0,-1.0,4.0,0.0,0.0,1.0,0.0,0.0,-1.0,0.0,3600.0,-1.0,0.0,0.0,-1.0,5.0,0.0,0.0,1.0,0.0,0.0,-1.0,0.0,3600.0,-1.0,0.0,0.0,-1.0,6.0,1.0,0.0,1.0,0.0,0.0,-1.0,0.0,3600.0,-1.0,0.0,0.0,0.0,4.25,0.375,0.25,1.0,0.0,0.0,-1.0,0.0,3546.625,-1.0,0.0,53.375,20.8,2.1213203435596424,0.5175491695067657,0.4629100498862757,0.0,0.0,0.0,-1.0,0.0,143.83218147748238,-1.0,0.0,143.83218147748238,46.51021393199563,-0.3142696805273544,0.6440611887195306,1.4401645996461911,0.0,0.0,0.0,-1.0,0.0,-2.8178138627484164,-1.0,0.0,2.8178138627484164,2.23606797749979,-9.0,1,1,1,2,1,1,1,1,1,1,1,1,2,1,1,1,2,1,1,1,1,1,0,1,1,2,2,1,1,1,0,1,1,1,1,1,1,1,1,1,1,1,1,1,1,1,1,1,1,1,1,1,1,1,1,1,1,1,1,1,1,1,1,1,1,0,1,1,1,1,1,1,1,1,1,1,1,1,0,1,1,1,1,1,1,1,1,1,1,1,1,0,1,1,1,1,1,1,1,1,1,1,1,1,1,1,1,2,1,1,1,1,1,1,1,1,1,2,1,1,2,1,1,1,1,1,1,1,1,1,2,1,1,2,1,1,1,1,1,1,1,1,1,1,1
3.0,0.0,0.0,1.0,0.0,0.0,-1.0,0.0,3600.0,-1.0,0.0,0.0,0.0,4.0,0.0,0.0,1.0,0.0,0.0,-1.0,0.0,3600.0,-1.0,0.0,0.0,0.0,5.0,0.0,0.0,1.0,0.0,0.0,-1.0,0.0,3600.0,-1.0,0.0,0.0,0.0,6.0,1.0,0.0,1.0,0.0,0.0,-1.0,0.0,3600.0,-1.0,0.0,0.0,0.0,7.0,1.0,0.0,1.0,0.0,0.0,-1.0,0.0,3600.0,-1.0,0.0,0.0,0.0,1.0,0.0,0.0,1.0,0.0,0.0,-1.0,0.0,3600.0,-1.0,0.0,0.0,0.0,2.0,0.0,0.0,1.0,0.0,0.0,-1.0,0.0,3600.0,-1.0,0.0,0.0,0.0,3.0,0.0,0.0,1.0,0.0,0.0,-1.0,0.0,3600.0,-1.0,0.0,0.0,0.0,3.875,0.25,0.0,1.0,0.0,0.0,-1.0,0.0,3600.0,-1.0,0.0,0.0,0.0,2.03100960115899,0.4629100498862757,0.0,0.0,0.0,0.0,-1.0,0.0,0.0,-1.0,0.0,0.0,0.0,0.2238027108715141,1.4401645996461911,0.0,0.0,0.0,0.0,-1.0,0.0,0.0,-1.0,0.0,0.0,0.0,8.0,1,1,1,1,1,1,1,1,1,1,1,1,1,1,1,1,1,1,1,1,1,1,1,1,1,1,1,1,1,1,0,1,1,1,1,1,1,1,1,1,1,2,1,1,1,1,1,1,1,1,1,1,1,1,1,1,1,1,1,1,1,1,1,1,1,1,1,1,1,1,1,1,1,1,1,1,1,1,1,1,1,1,1,1,1,1,1,1,1,1,1,1,1,1,1,1,1,1,1,1,1,1,1,1,1,1,1,1,1,1,1,1,1,1,1,1,1,1,1,1,1,1,1,1,1,1,1,1,1,1,1,1,1,1,1,1,1,1,1,1,1,1,1,1,1
7.0,1.0,0.0,2.0,0.0,0.0,-1.0,0.0,2219.0,-1.0,0.0,1381.0,34.0,1.0,0.0,0.0,2.0,0.0,0.0,-1.0,0.0,3600.0,-1.0,0.0,0.0,0.0,2.0,0.0,0.0,2.0,0.0,0.0,-1.0,0.0,3600.0,-1.0,0.0,0.0,0.0,3.0,0.0,0.0,2.0,0.0,0.0,-1.0,0.0,3600.0,-1.0,0.0,0.0,0.0,4.0,0.0,0.0,2.0,0.0,0.0,-1.0,0.0,3600.0,-1.0,0.0,0.0,0.0,5.0,0.0,0.0,2.0,0.0,0.0,-1.0,0.0,3600.0,-1.0,0.0,0.0,0.0,6.0,1.0,0.0,2.0,0.0,0.0,-1.0,0.0,3600.0,-1.0,0.0,0.0,0.0,7.0,1.0,0.0,2.0,0.0,0.0,-1.0,0.0,2480.0,-1.0,0.0,1120.0,772.0,4.375,0.375,0.0,2.0,0.0,0.0,-1.0,0.0,3287.375,-1.0,0.0,312.625,100.75,2.2638462845343543,0.5175491695067657,0.0,0.0,0.0,0.0,-1.0,0.0,583.0567082197065,-1.0,0.0,583.0567082197065,271.4867794729081,-0.2262499558606612,0.6440611887195306,0.0,0.0,0.0,0.0,-1.0,0.0,-1.5014486096744513,-1.0,0.0,1.5014486096744513,2.817798689593403,-8.0,1,1,1,1,1,1,1,1,1,0,1,1,2,2,1,1,1,1,1,1,1,1,1,1,1,1,1,1,1,1,1,1,1,1,1,1,1,1,1,1,1,1,1,1,1,1,1,1,1,1,1,1,1,1,1,1,1,1,1,1,1,1,1,1,1,1,1,1,1,1,1,1,1,1,1,1,1,1,1,1,2,1,1,1,1,1,1,1,1,1,1,1,1,1,1,1,1,1,1,1,0,1,1,2,2,1,1,1,1,1,1,1,1,1,1,1,2,2,2,1,1,1,1,1,1,1,1,1,1,1,2,1,1,1,1,1,1,1,1,1,1,1,1,1,1
